Institute Code,Institute Name,Course Code,Branch / Course,Seat Type,Merit No.,MHT-CET Percentile,Percentile Band,Round,Year
3012,"Veermata Jijabai Technological Institute(VJTI), Matunga, Mumbai",301224510,Computer Engineering,GOPENS,103,99.9522882,,CAP Round I,2025
16006,COEP Technological University,1600624210,Computer Science and Engineering,GOPENS,243,99.8985029,,CAP Round I,2025
3215,"Bhartiya Vidya Bhavan's Sardar Patel Institute of Technology , Andheri, Mumbai",321524210,Computer Science and Engineering,GOPENS,504,99.8014629,,CAP Round I,2025
6271,Pune Institute of Computer Technology,627124510,Computer Engineering,GOPENS,791,99.7116474,,CAP Round I,2025
3199,"Shri Vile Parle Kelvani Mandal's Dwarkadas J. Sanghvi College of Engineering, Vile Parle,Mumbai",319924510,Computer Engineering,GOPENS,1584,99.486004,,CAP Round I,2025
6007,"Walchand College of Engineering, Sangli",600724210,Computer Science and Engineering,GOPENS,1766,99.4348894,,CAP Round I,2025
6273,"Bansilal Ramnath Agarawal Charitable Trust's Vishwakarma Institute of Technology, Bibwewadi, Pune",627324510,Computer Engineering,GOPENS,3505,98.9469989,,CAP Round I,2025
3182,"Thadomal Shahani Engineering College, Bandra, Mumbai",318224510,Computer Engineering,GOPENH,3583,98.9251126,,CAP Round I,2025
6175,"Pimpri Chinchwad Education Trust, Pimpri Chinchwad College of Engineering, Pune",617524510,Computer Engineering,GOPENS,3584,98.9251126,,CAP Round I,2025
3185,"Vivekanand Education Society's Institute of Technology, Chembur, Mumbai",318524510,Computer Engineering,GOPENS,5602,98.3694715,,CAP Round I,2025
6274,"PVG's College of Engineering, Technology & Management",627424510,Computer Engineering,GOPENS,7676,97.7924183,,CAP Round I,2025
6272,"Dr. D. Y. Patil Pratishthan's D.Y.Patil College of Engineering Akurdi, Pune",627224510,Computer Engineering,GOPENS,7698,97.7821243,,CAP Round I,2025
3184,"Fr. Conceicao Rodrigues College of Engineering, Bandra,Mumbai",318424510,Computer Engineering,GOPENS,7927,97.7282912,,CAP Round I,2025
6005,"Government College of Engineering, Karad",600524610,Information Technology,GOPENS,8518,97.5490028,,CAP Round I,2025
3139,"Vidyalankar Institute of Technology,Wadala, Mumbai",313924510,Computer Engineering,GOPENS,8692,97.5051096,,CAP Round I,2025
2008,"Government College of Engineering, Chhatrapati Sambhajinagar",200824210,Computer Science and Engineering,GOPENS,8780,97.488382,,CAP Round I,2025
1002,"Government College of Engineering, Amravati",100224210,Computer Science and Engineering,GOPENS,9196,97.3737374,,CAP Round I,2025
6278,"All India Shri Shivaji Memorial Society's College of Engineering, Pune",627824510,Computer Engineering,GOPENS,10020,97.1220006,,CAP Round I,2025
6822,"Pimpri Chinchwad Education Trust's Pimpri Chinchwad College Of Engineering And Research, Ravet",682224510,Computer Engineering,GOPENS,10473,96.9871419,,CAP Round I,2025
3176,"Thakur College of Engineering and Technology, Kandivali, Mumbai",317624510,Computer Engineering,GOPENS,10514,96.9753065,,CAP Round I,2025
6754,"International Institute of Information Technology (I²IT), Pune.",675424510,Computer Engineering,GOPENS,10532,96.9753065,,CAP Round I,2025
3197,"Agnel Charities' FR. C. Rodrigues Institute of Technology, Vashi, Navi Mumbai",319724510,Computer Engineering,GOPENS,10570,96.972028,,CAP Round I,2025
6141,"Jaywant Shikshan Prasarak Mandal's,Rajarshi Shahu College of Engineering, Tathawade, Pune",614124510,Computer Engineering,GOPENS,10568,96.972028,,CAP Round I,2025
6282,"All India Shri Shivaji Memorial Society's Institute of Information Technology,Pune",628224510,Computer Engineering,GOPENS,11271,96.7783105,,CAP Round I,2025
4025,"Government College of Engineering, Nagpur",402524210,Computer Science and Engineering,GOPENH,11471,96.6904701,,CAP Round I,2025
6207,"Dr. D. Y. Patil Unitech Society's Dr. D. Y. Patil Institute of Technology, Pimpri, Pune",620724510,Computer Engineering,GOPENH,11516,96.684051,,CAP Round I,2025
2020,"Shri Guru Gobind Singhji Institute of Engineering and Technology, Nanded",202024210,Computer Science and Engineering,GOPENS,12480,96.4091902,,CAP Round I,2025
6146,"MIT Academy of Engineering,Alandi, Pune",614624510,Computer Engineering,GOPENS,13453,96.1512986,,CAP Round I,2025
5121,"K. K. Wagh Institute of Engineering Education and Research, Nashik",512124510,Computer Engineering,GOPENS,14282,95.8806117,,CAP Round I,2025
6156,"Marathwada Mitra Mandal's College of Engineering, Karvenagar, Pune",615624510,Computer Engineering,GOPENS,14711,95.7809758,,CAP Round I,2025
3135,"Manjara Charitable Trust's Rajiv Gandhi Institute of Technology, Mumbai",313524510,Computer Engineering,GOPENH,14852,95.7427005,,CAP Round I,2025
6267,"Kolhapur Institute of Technology's College of Engineering(Autonomous), Kolhapur",626724210,Computer Science and Engineering,GOPENS,15210,95.6308893,,CAP Round I,2025
6139,"Progressive Education Society's Modern College of Engineering, Pune",613924510,Computer Engineering,GOPENS,15515,95.5703402,,CAP Round I,2025
3211,"S.I.E.S. Graduate School of Technology, Nerul, Navi Mumbai",321124510,Computer Engineering,GOPENS,15568,95.5372663,,CAP Round I,2025
3208,"Don Bosco Institute of Technology, Mumbai",320824510,Computer Engineering,GOPENS,15788,95.4290064,,CAP Round I,2025
6004,"Government College of Engineering & Research, Avasari Khurd",600424510,Computer Engineering,GOPENH,16217,95.3167947,,CAP Round I,2025
4167,"Yeshwantrao Chavan College of Engineering,Wanadongri, Nagpur",416724210,Computer Science and Engineering,GOPENS,16266,95.3083376,,CAP Round I,2025
3204,"St. Francis Institute of Technology,Borivali, Mumbai",320424510,Computer Engineering,GOPENS,16904,95.1229826,,CAP Round I,2025
3214,"Xavier Institute Of Engineering C/O Xavier Technical Institute,Mahim,Mumbai",321424510,Computer Engineering,GOPENS,16882,95.1229826,,CAP Round I,2025
6177,"Sinhgad College of Engineering, Vadgaon (BK), Pune",617724510,Computer Engineering,GOPENH,19108,94.4922123,,CAP Round I,2025
3203,"Atharva College of Engineering,Malad(West),Mumbai",320324510,Computer Engineering,GOPENH,19703,94.294414,,CAP Round I,2025
3143,"Thakur Shyamnarayan Engineering College, Mumbai",314324510,Computer Engineering,GOPENH,19923,94.25259,,CAP Round I,2025
3189,"Bharati Vidyapeeth College of Engineering, Navi Mumbai",318924510,Computer Engineering,GOPENH,20603,94.0,,CAP Round I,2025
3148,"Mahavir Education Trust's Shah & Anchor Kutchhi Engineering College, Mumbai",314824510,Computer Engineering,GOPENS,20705,93.9899228,,CAP Round I,2025
6281,"Modern Education Society's Wadia College of Engineering, Pune",628124510,Computer Engineering,GOPENH,20846,93.9463602,,CAP Round I,2025
1101,"Shri Sant Gajanan Maharaj College of Engineering,Shegaon",110124210,Computer Science and Engineering,GOPENH,21071,93.884935,,CAP Round I,2025
6796,"Bharati Vidyapeeth's College of Engineering,Lavale, Pune",679624510,Computer Engineering,GOPENH,21076,93.884935,,CAP Round I,2025
5160,"Sanjivani Rural Education Society's Sanjivani College of Engineering, Kopargaon",516024510,Computer Engineering,GOPENS,21863,93.6678322,,CAP Round I,2025
6214,"K. E. Society's Rajarambapu Institute of Technology, Walwa, Sangli",621424510,Computer Engineering,GOPENS,22223,93.5366917,,CAP Round I,2025
3207,"Mahatma Education Society's Pillai College of Engineering, New Panvel",320724510,Computer Engineering,GOPENS,22387,93.515499,,CAP Round I,2025
1002,"Government College of Engineering, Amravati",100219110,Civil Engineering,GOPENS,37591,88.9550679,80-89.99,CAP Round I,2025
1002,"Government College of Engineering, Amravati",100224610,Information Technology,GOPENS,12891,96.3316055,95-98.99,CAP Round I,2025
1002,"Government College of Engineering, Amravati",100229310,Electrical Engineering,GOPENS,28037,91.7521019,90-94.99,CAP Round I,2025
1002,"Government College of Engineering, Amravati",100237210,Electronics and Telecommunication Engg,GOPENS,17151,95.0636221,95-98.99,CAP Round I,2025
1002,"Government College of Engineering, Amravati",100246610,Instrumentation Engineering,GOPENS,45626,86.4120225,80-89.99,CAP Round I,2025
1002,"Government College of Engineering, Amravati",100261210,Mechanical Engineering,GOPENS,34406,89.861767,80-89.99,CAP Round I,2025
1005,"Sant Gadge Baba Amravati University,Amravati",100550310,Food Technology,GOPENH,23654,93.615548,90-94.99,CAP Round I,2025
1005,"Sant Gadge Baba Amravati University,Amravati",100551710,Oil and Paints Technology,GOPENH,176548,25.4741362,Below 80,CAP Round I,2025
1005,"Sant Gadge Baba Amravati University,Amravati",100552410,Paper and Pulp Technology,GOPENH,181659,22.0346747,Below 80,CAP Round I,2025
1005,"Sant Gadge Baba Amravati University,Amravati",100552710,Petro Chemical Engineering,GOPENH,138268,49.7291102,Below 80,CAP Round I,2025
1012,"Government College of Engineering,Yavatmal",101219110,Civil Engineering,GOPENH,85001,73.4354379,Below 80,CAP Round I,2025
1012,"Government College of Engineering,Yavatmal",101224510,Computer Engineering,GOPENH,48096,85.6421968,80-89.99,CAP Round I,2025
1012,"Government College of Engineering,Yavatmal",101229310,Electrical Engineering,GOPENH,75325,76.8955509,Below 80,CAP Round I,2025
1012,"Government College of Engineering,Yavatmal",101237210,Electronics and Telecommunication Engg,GOPENH,62199,81.1295102,80-89.99,CAP Round I,2025
1012,"Government College of Engineering,Yavatmal",101261210,Mechanical Engineering,GOPENH,82911,73.7482517,Below 80,CAP Round I,2025
1101,"Shri Sant Gajanan Maharaj College of Engineering,Shegaon",110124610,Information Technology,GOPENH,25746,92.4545035,90-94.99,CAP Round I,2025
1101,"Shri Sant Gajanan Maharaj College of Engineering,Shegaon",110135610,Electrical Engg[Electronics and Power],GOPENH,46927,85.9646097,80-89.99,CAP Round I,2025
1101,"Shri Sant Gajanan Maharaj College of Engineering,Shegaon",110137210,Electronics and Telecommunication Engg,GOPENH,35619,89.51289,80-89.99,CAP Round I,2025
1101,"Shri Sant Gajanan Maharaj College of Engineering,Shegaon",110161210,Mechanical Engineering,GOPENH,58590,82.3322294,80-89.99,CAP Round I,2025
1105,"Prof. Ram Meghe Institute of Technology & Research, Amravati",110519110,Civil Engineering,GOPENS,98203,68.2382408,Below 80,CAP Round I,2025
1105,"Prof. Ram Meghe Institute of Technology & Research, Amravati",110524210,Computer Science and Engineering,GOPENS,31723,90.6674583,90-94.99,CAP Round I,2025
1105,"Prof. Ram Meghe Institute of Technology & Research, Amravati",110524610,Information Technology,GOPENS,44673,86.6827486,80-89.99,CAP Round I,2025
1105,"Prof. Ram Meghe Institute of Technology & Research, Amravati",110526310,Artificial Intelligence (AI) and Data Science,GOPENS,48356,85.5729148,80-89.99,CAP Round I,2025
1105,"Prof. Ram Meghe Institute of Technology & Research, Amravati",110526710,Computer Science and Engineering (IoT),GOPENS,60994,81.5804905,80-89.99,CAP Round I,2025
1105,"Prof. Ram Meghe Institute of Technology & Research, Amravati",110537210,Electronics and Telecommunication Engg,GOPENS,60499,81.6453226,80-89.99,CAP Round I,2025
1105,"Prof. Ram Meghe Institute of Technology & Research, Amravati",110561210,Mechanical Engineering,GOPENS,93004,70.2628092,Below 80,CAP Round I,2025
1107,"P. R. Pote Patil College of Engineering & Management, Amravati",110719110,Civil Engineering,GOPENS,97944,68.3753318,Below 80,CAP Round I,2025
1107,"P. R. Pote Patil College of Engineering & Management, Amravati",110724210,Computer Science and Engineering,GOPENS,45905,86.3462208,80-89.99,CAP Round I,2025
1107,"P. R. Pote Patil College of Engineering & Management, Amravati",110729310,Electrical Engineering,GOPENS,78714,75.4048881,Below 80,CAP Round I,2025
1107,"P. R. Pote Patil College of Engineering & Management, Amravati",110737210,Electronics and Telecommunication Engg,GOPENS,67476,79.6033896,Below 80,CAP Round I,2025
1107,"P. R. Pote Patil College of Engineering & Management, Amravati",110761210,Mechanical Engineering,GOPENS,93738,69.8941051,Below 80,CAP Round I,2025
1107,"P. R. Pote Patil College of Engineering & Management, Amravati",110791110,Computer Science and Engineering(Artificial Intelligence and Machine Learning),GOPENS,67886,79.3730892,Below 80,CAP Round I,2025
1107,"P. R. Pote Patil College of Engineering & Management, Amravati",110799510,Artificial Intelligence and Data Science,GOPENS,61998,81.1324174,80-89.99,CAP Round I,2025
1114,"Sipna Shikshan Prasarak Mandal College of Engineering & Technology, Amravati",111419110,Civil Engineering,GOPENS,107307,64.3453843,Below 80,CAP Round I,2025
1114,"Sipna Shikshan Prasarak Mandal College of Engineering & Technology, Amravati",111424210,Computer Science and Engineering,GOPENS,51570,84.5627208,80-89.99,CAP Round I,2025
1114,"Sipna Shikshan Prasarak Mandal College of Engineering & Technology, Amravati",111424610,Information Technology,GOPENS,58752,82.2162613,80-89.99,CAP Round I,2025
1114,"Sipna Shikshan Prasarak Mandal College of Engineering & Technology, Amravati",111426310,Artificial Intelligence (AI) and Data Science,GOPENS,60251,81.7705077,80-89.99,CAP Round I,2025
1114,"Sipna Shikshan Prasarak Mandal College of Engineering & Technology, Amravati",111437210,Electronics and Telecommunication Engg,GOPENS,72855,77.5384615,Below 80,CAP Round I,2025
1114,"Sipna Shikshan Prasarak Mandal College of Engineering & Technology, Amravati",111461210,Mechanical Engineering,GOPENS,101266,66.9039004,Below 80,CAP Round I,2025
1116,"Shri Shivaji Education Society's College of Engineering and Technology, Akola",111619110,Civil Engineering,GOPENH,132202,53.2228937,Below 80,CAP Round I,2025
1116,"Shri Shivaji Education Society's College of Engineering and Technology, Akola",111624210,Computer Science and Engineering,GOPENH,87223,72.3760958,Below 80,CAP Round I,2025
1116,"Shri Shivaji Education Society's College of Engineering and Technology, Akola",111624610,Information Technology,GOPENH,108039,63.8244514,Below 80,CAP Round I,2025
1116,"Shri Shivaji Education Society's College of Engineering and Technology, Akola",111650710,Chemical Engineering,GOPENH,137690,50.3223138,Below 80,CAP Round I,2025
1116,"Shri Shivaji Education Society's College of Engineering and Technology, Akola",111661210,Mechanical Engineering,GOPENH,123712,57.0133407,Below 80,CAP Round I,2025
1117,"Janata Shikshan Prasarak Mandal’s Babasaheb Naik College Of Engineering, Pusad",111719110,Civil Engineering,GOPENH,128389,54.5872518,Below 80,CAP Round I,2025
1117,"Janata Shikshan Prasarak Mandal’s Babasaheb Naik College Of Engineering, Pusad",111724210,Computer Science and Engineering,GOPENH,98643,68.1164395,Below 80,CAP Round I,2025
1117,"Janata Shikshan Prasarak Mandal’s Babasaheb Naik College Of Engineering, Pusad",111735610,Electrical Engg[Electronics and Power],GOPENH,144912,46.3957696,Below 80,CAP Round I,2025
1117,"Janata Shikshan Prasarak Mandal’s Babasaheb Naik College Of Engineering, Pusad",111761210,Mechanical Engineering,GOPENH,149901,43.4652257,Below 80,CAP Round I,2025
1117,"Janata Shikshan Prasarak Mandal’s Babasaheb Naik College Of Engineering, Pusad",111799510,Artificial Intelligence and Data Science,GOPENH,105946,65.3084343,Below 80,CAP Round I,2025
1119,ANURADHA COLLEGE OF ENGINEERING & TECHNOLOGY,111924210,Computer Science and Engineering,GOPENH,93376,70.2033567,Below 80,CAP Round I,2025
1119,ANURADHA COLLEGE OF ENGINEERING & TECHNOLOGY,111924610,Information Technology,GOPENH,96094,69.0979021,Below 80,CAP Round I,2025
1119,ANURADHA COLLEGE OF ENGINEERING & TECHNOLOGY,111937210,Electronics and Telecommunication Engg,GOPENH,134752,51.57164,Below 80,CAP Round I,2025
1119,ANURADHA COLLEGE OF ENGINEERING & TECHNOLOGY,111950710,Chemical Engineering,GOPENH,159927,36.5248856,Below 80,CAP Round I,2025
1119,ANURADHA COLLEGE OF ENGINEERING & TECHNOLOGY,111961210,Mechanical Engineering,GOPENH,143772,47.0502678,Below 80,CAP Round I,2025
1120,"Jawaharlal Darda Institute of Engineering and Technology, Yavatmal",112019110,Civil Engineering,GOPENS,140165,49.1540892,Below 80,CAP Round I,2025
1120,"Jawaharlal Darda Institute of Engineering and Technology, Yavatmal",112024210,Computer Science and Engineering,GOPENS,87400,72.1363369,Below 80,CAP Round I,2025
1120,"Jawaharlal Darda Institute of Engineering and Technology, Yavatmal",112029310,Electrical Engineering,GOPENS,129569,54.1537389,Below 80,CAP Round I,2025
1120,"Jawaharlal Darda Institute of Engineering and Technology, Yavatmal",112037210,Electronics and Telecommunication Engg,GOPENS,90252,71.4755245,Below 80,CAP Round I,2025
1120,"Jawaharlal Darda Institute of Engineering and Technology, Yavatmal",112050710,Chemical Engineering,GOPENS,132611,52.8806012,Below 80,CAP Round I,2025
1120,"Jawaharlal Darda Institute of Engineering and Technology, Yavatmal",112061210,Mechanical Engineering,GOPENS,147660,44.2599775,Below 80,CAP Round I,2025
1120,"Jawaharlal Darda Institute of Engineering and Technology, Yavatmal",112089310,Textile Engineering / Technology,GOPENS,150765,43.031473,Below 80,CAP Round I,2025
1121,"Shri Hanuman Vyayam Prasarak Mandals College of Engineering & Technology, Amravati",112124210,Computer Science and Engineering,GOPENH,75500,76.7694659,Below 80,CAP Round I,2025
1121,"Shri Hanuman Vyayam Prasarak Mandals College of Engineering & Technology, Amravati",112124610,Information Technology,GOPENH,79219,75.2405919,Below 80,CAP Round I,2025
1121,"Shri Hanuman Vyayam Prasarak Mandals College of Engineering & Technology, Amravati",112137210,Electronics and Telecommunication Engg,GOPENH,91264,71.0971787,Below 80,CAP Round I,2025
1121,"Shri Hanuman Vyayam Prasarak Mandals College of Engineering & Technology, Amravati",112161210,Mechanical Engineering,GOPENH,112712,62.0615406,Below 80,CAP Round I,2025
1123,"Dr.Rajendra Gode Institute of Technology & Research, Amravati",112319110,Civil Engineering,GOPENH,118912,59.1762367,Below 80,CAP Round I,2025
1123,"Dr.Rajendra Gode Institute of Technology & Research, Amravati",112324210,Computer Science and Engineering,GOPENH,80136,75.1716925,Below 80,CAP Round I,2025
1123,"Dr.Rajendra Gode Institute of Technology & Research, Amravati",112337210,Electronics and Telecommunication Engg,GOPENH,100378,67.217709,Below 80,CAP Round I,2025
1123,"Dr.Rajendra Gode Institute of Technology & Research, Amravati",112356810,Computer Science and Information Technology,GOPENH,111917,62.1412608,Below 80,CAP Round I,2025
1123,"Dr.Rajendra Gode Institute of Technology & Research, Amravati",112361210,Mechanical Engineering,GOPENH,121935,57.8195751,Below 80,CAP Round I,2025
1123,"Dr.Rajendra Gode Institute of Technology & Research, Amravati",112399510,Artificial Intelligence and Data Science,GOPENH,93275,70.2033567,Below 80,CAP Round I,2025
1125,"Dwarka Bahu Uddeshiya Gramin Vikas Foundation, Rajarshi Shahu College of Engineering, Buldhana",112519110,Civil Engineering,GOPENH,156869,39.3601986,Below 80,CAP Round I,2025
1125,"Dwarka Bahu Uddeshiya Gramin Vikas Foundation, Rajarshi Shahu College of Engineering, Buldhana",112524210,Computer Science and Engineering,GOPENH,122218,57.6249683,Below 80,CAP Round I,2025
1125,"Dwarka Bahu Uddeshiya Gramin Vikas Foundation, Rajarshi Shahu College of Engineering, Buldhana",112526310,Artificial Intelligence (AI) and Data Science,GOPENH,150604,43.1964993,Below 80,CAP Round I,2025
1125,"Dwarka Bahu Uddeshiya Gramin Vikas Foundation, Rajarshi Shahu College of Engineering, Buldhana",112529310,Electrical Engineering,GOPENH,142150,47.7841578,Below 80,CAP Round I,2025
1125,"Dwarka Bahu Uddeshiya Gramin Vikas Foundation, Rajarshi Shahu College of Engineering, Buldhana",112561210,Mechanical Engineering,GOPENH,182010,21.6174291,Below 80,CAP Round I,2025
1126,"Takshashila Institute of Engineering & Technology, Darapur, Amravati",112619110,Civil Engineering,GOPENH,141419,47.8015007,Below 80,CAP Round I,2025
1126,"Takshashila Institute of Engineering & Technology, Darapur, Amravati",112624210,Computer Science and Engineering,GOPENH,118647,59.2797111,Below 80,CAP Round I,2025
1126,"Takshashila Institute of Engineering & Technology, Darapur, Amravati",112629310,Electrical Engineering,GOPENH,143730,47.0502678,Below 80,CAP Round I,2025
1126,"Takshashila Institute of Engineering & Technology, Darapur, Amravati",112661210,Mechanical Engineering,GOPENH,164386,34.896751,Below 80,CAP Round I,2025
1126,"Takshashila Institute of Engineering & Technology, Darapur, Amravati",112684410,Electronics and Computer Engineering,GOPENH,155705,39.7546871,Below 80,CAP Round I,2025
1127,"Jagadambha Bahuuddeshiya Gramin Vikas Sanstha's Jagdambha College of Engineering and Technology, Yavatmal",112719110,Civil Engineering,GOPENS,147868,44.2599775,Below 80,CAP Round I,2025
1127,"Jagadambha Bahuuddeshiya Gramin Vikas Sanstha's Jagdambha College of Engineering and Technology, Yavatmal",112724210,Computer Science and Engineering,GOPENS,100552,67.1459332,Below 80,CAP Round I,2025
1127,"Jagadambha Bahuuddeshiya Gramin Vikas Sanstha's Jagdambha College of Engineering and Technology, Yavatmal",112724510,Computer Engineering,GOPENS,119547,58.8994542,Below 80,CAP Round I,2025
1127,"Jagadambha Bahuuddeshiya Gramin Vikas Sanstha's Jagdambha College of Engineering and Technology, Yavatmal",112729310,Electrical Engineering,GOPENS,137641,50.3223138,Below 80,CAP Round I,2025
1127,"Jagadambha Bahuuddeshiya Gramin Vikas Sanstha's Jagdambha College of Engineering and Technology, Yavatmal",112737210,Electronics and Telecommunication Engg,GOPENS,128005,54.5872518,Below 80,CAP Round I,2025
1127,"Jagadambha Bahuuddeshiya Gramin Vikas Sanstha's Jagdambha College of Engineering and Technology, Yavatmal",112761210,Mechanical Engineering,GOPENS,149794,43.4652257,Below 80,CAP Round I,2025
1127,"Jagadambha Bahuuddeshiya Gramin Vikas Sanstha's Jagdambha College of Engineering and Technology, Yavatmal",112799510,Artificial Intelligence and Data Science,GOPENS,103547,65.8992965,Below 80,CAP Round I,2025
1128,"Prof Ram Meghe College of Engineering and Management, Badnera",112819110,Civil Engineering,GOPENH,113165,61.796967,Below 80,CAP Round I,2025
1128,"Prof Ram Meghe College of Engineering and Management, Badnera",112824210,Computer Science and Engineering,GOPENH,58410,82.3736697,80-89.99,CAP Round I,2025
1128,"Prof Ram Meghe College of Engineering and Management, Badnera",112824610,Information Technology,GOPENH,67955,79.3730892,Below 80,CAP Round I,2025
1128,"Prof Ram Meghe College of Engineering and Management, Badnera",112829310,Electrical Engineering,GOPENH,88815,71.6607627,Below 80,CAP Round I,2025
1128,"Prof Ram Meghe College of Engineering and Management, Badnera",112837210,Electronics and Telecommunication Engg,GOPENH,75911,76.7635852,Below 80,CAP Round I,2025
1128,"Prof Ram Meghe College of Engineering and Management, Badnera",112891210,Computer Science and Engineering(Data Science),GOPENH,73086,77.2287062,Below 80,CAP Round I,2025
1130,"Vision Buldhana Educational & Welfare Society's Pankaj Laddhad Institute of Technology & Management Studies, Yelgaon",113019110,Civil Engineering,GOPENH,141658,47.8015007,Below 80,CAP Round I,2025
1130,"Vision Buldhana Educational & Welfare Society's Pankaj Laddhad Institute of Technology & Management Studies, Yelgaon",113024210,Computer Science and Engineering,GOPENH,131072,53.6060165,Below 80,CAP Round I,2025
1130,"Vision Buldhana Educational & Welfare Society's Pankaj Laddhad Institute of Technology & Management Studies, Yelgaon",113035610,Electrical Engg[Electronics and Power],GOPENH,126341,55.6405756,Below 80,CAP Round I,2025
1130,"Vision Buldhana Educational & Welfare Society's Pankaj Laddhad Institute of Technology & Management Studies, Yelgaon",113037210,Electronics and Telecommunication Engg,GOPENH,147187,45.2322221,Below 80,CAP Round I,2025
1130,"Vision Buldhana Educational & Welfare Society's Pankaj Laddhad Institute of Technology & Management Studies, Yelgaon",113061210,Mechanical Engineering,GOPENH,177455,25.0722391,Below 80,CAP Round I,2025
1180,"Sanmati Engineering College, Sawargaon Barde, Washim",118019110,Civil Engineering,GOPENH,196173,8.9230769,Below 80,CAP Round I,2025
1180,"Sanmati Engineering College, Sawargaon Barde, Washim",118024210,Computer Science and Engineering,GOPENH,137883,50.3223138,Below 80,CAP Round I,2025
1180,"Sanmati Engineering College, Sawargaon Barde, Washim",118026310,Artificial Intelligence (AI) and Data Science,GOPENH,164899,33.465035,Below 80,CAP Round I,2025
1180,"Sanmati Engineering College, Sawargaon Barde, Washim",118029310,Electrical Engineering,GOPENH,201966,2.4831562,Below 80,CAP Round I,2025
1180,"Sanmati Engineering College, Sawargaon Barde, Washim",118061210,Mechanical Engineering,GOPENH,198621,6.3499894,Below 80,CAP Round I,2025
1182,"Padmashri Dr. V.B. Kolte College of Engineering, Malkapur, Buldhana",118219110,Civil Engineering,GOPENH,168360,32.0884521,Below 80,CAP Round I,2025
1182,"Padmashri Dr. V.B. Kolte College of Engineering, Malkapur, Buldhana",118224210,Computer Science and Engineering,GOPENH,132236,53.2228937,Below 80,CAP Round I,2025
1182,"Padmashri Dr. V.B. Kolte College of Engineering, Malkapur, Buldhana",118229310,Electrical Engineering,GOPENH,148007,43.9154166,Below 80,CAP Round I,2025
1182,"Padmashri Dr. V.B. Kolte College of Engineering, Malkapur, Buldhana",118261210,Mechanical Engineering,GOPENH,153589,41.4020979,Below 80,CAP Round I,2025
1265,"Mauli Group of Institutions, College of Engineering and Technology, Shegaon.",126519110,Civil Engineering,GOPENH,107404,64.3453843,Below 80,CAP Round I,2025
1265,"Mauli Group of Institutions, College of Engineering and Technology, Shegaon.",126524210,Computer Science and Engineering,GOPENH,56616,82.8811189,80-89.99,CAP Round I,2025
1265,"Mauli Group of Institutions, College of Engineering and Technology, Shegaon.",126524610,Information Technology,GOPENH,67048,79.6925092,Below 80,CAP Round I,2025
1265,"Mauli Group of Institutions, College of Engineering and Technology, Shegaon.",126535610,Electrical Engg[Electronics and Power],GOPENH,85207,73.2612864,Below 80,CAP Round I,2025
1265,"Mauli Group of Institutions, College of Engineering and Technology, Shegaon.",126537210,Electronics and Telecommunication Engg,GOPENH,74466,76.9322569,Below 80,CAP Round I,2025
1265,"Mauli Group of Institutions, College of Engineering and Technology, Shegaon.",126561210,Mechanical Engineering,GOPENH,109146,63.5767823,Below 80,CAP Round I,2025
1268,"Siddhivinayak Technical Campus, School of Engineering & Research Technology, Shirasgon, Nile",126819110,Civil Engineering,GOPENH,171613,29.0442453,Below 80,CAP Round I,2025
1268,"Siddhivinayak Technical Campus, School of Engineering & Research Technology, Shirasgon, Nile",126824210,Computer Science and Engineering,GOPENH,114584,61.1295449,Below 80,CAP Round I,2025
1268,"Siddhivinayak Technical Campus, School of Engineering & Research Technology, Shirasgon, Nile",126835610,Electrical Engg[Electronics and Power],GOPENH,156247,39.5742169,Below 80,CAP Round I,2025
1268,"Siddhivinayak Technical Campus, School of Engineering & Research Technology, Shirasgon, Nile",126837210,Electronics and Telecommunication Engg,GOPENH,144971,46.3957696,Below 80,CAP Round I,2025
1268,"Siddhivinayak Technical Campus, School of Engineering & Research Technology, Shirasgon, Nile",126861210,Mechanical Engineering,GOPENH,154814,40.0432529,Below 80,CAP Round I,2025
1268,"Siddhivinayak Technical Campus, School of Engineering & Research Technology, Shirasgon, Nile",126899510,Artificial Intelligence and Data Science,GOPENH,127589,55.1895416,Below 80,CAP Round I,2025
1276,"Manav School of Engineering & Technology, Gut No. 1035 Nagpur Surat Highway, NH No. 6 Tal.Vyala, Balapur, Akola, 444302",127619110,Civil Engineering,GOPENH,191803,13.2656066,Below 80,CAP Round I,2025
1276,"Manav School of Engineering & Technology, Gut No. 1035 Nagpur Surat Highway, NH No. 6 Tal.Vyala, Balapur, Akola, 444302",127624510,Computer Engineering,GOPENH,153200,41.4458186,Below 80,CAP Round I,2025
1276,"Manav School of Engineering & Technology, Gut No. 1035 Nagpur Surat Highway, NH No. 6 Tal.Vyala, Balapur, Akola, 444302",127629310,Electrical Engineering,GOPENH,167336,32.1650475,Below 80,CAP Round I,2025
1276,"Manav School of Engineering & Technology, Gut No. 1035 Nagpur Surat Highway, NH No. 6 Tal.Vyala, Balapur, Akola, 444302",127661210,Mechanical Engineering,GOPENH,173317,28.3463753,Below 80,CAP Round I,2025
2008,"Government College of Engineering, Chhatrapati Sambhajinagar",200819110,Civil Engineering,GOPENS,31792,90.6674583,90-94.99,CAP Round I,2025
2008,"Government College of Engineering, Chhatrapati Sambhajinagar",200824610,Information Technology,GOPENS,12810,96.3339223,95-98.99,CAP Round I,2025
2008,"Government College of Engineering, Chhatrapati Sambhajinagar",200829310,Electrical Engineering,GOPENS,24903,92.7307558,90-94.99,CAP Round I,2025
2008,"Government College of Engineering, Chhatrapati Sambhajinagar",200837210,Electronics and Telecommunication Engg,GOPENS,17156,95.0636221,95-98.99,CAP Round I,2025
2008,"Government College of Engineering, Chhatrapati Sambhajinagar",200861210,Mechanical Engineering,GOPENS,23376,93.203117,90-94.99,CAP Round I,2025
2015,"PURANMAL LAHOTI GOVERNMENT INSTITUTE OF ENGINEERING AND TECHNOLOGY, LATUR",201524510,Computer Engineering,GOPENH,53170,84.0359888,80-89.99,CAP Round I,2025
2015,"PURANMAL LAHOTI GOVERNMENT INSTITUTE OF ENGINEERING AND TECHNOLOGY, LATUR",201537210,Electronics and Telecommunication Engg,GOPENH,92055,70.6189283,Below 80,CAP Round I,2025
2015,"PURANMAL LAHOTI GOVERNMENT INSTITUTE OF ENGINEERING AND TECHNOLOGY, LATUR",201599510,Artificial Intelligence and Data Science,GOPENH,70402,78.4342571,Below 80,CAP Round I,2025
2020,"Shri Guru Gobind Singhji Institute of Engineering and Technology, Nanded",202019110,Civil Engineering,GOPENS,39592,88.2544975,80-89.99,CAP Round I,2025
2020,"Shri Guru Gobind Singhji Institute of Engineering and Technology, Nanded",202024610,Information Technology,GOPENS,14799,95.7536628,95-98.99,CAP Round I,2025
2020,"Shri Guru Gobind Singhji Institute of Engineering and Technology, Nanded",202029310,Electrical Engineering,GOPENS,25417,92.5745163,90-94.99,CAP Round I,2025
2020,"Shri Guru Gobind Singhji Institute of Engineering and Technology, Nanded",202037210,Electronics and Telecommunication Engg,GOPENS,20916,93.9119037,90-94.99,CAP Round I,2025
2020,"Shri Guru Gobind Singhji Institute of Engineering and Technology, Nanded",202046610,Instrumentation Engineering,GOPENS,31357,90.8403987,90-94.99,CAP Round I,2025
2020,"Shri Guru Gobind Singhji Institute of Engineering and Technology, Nanded",202050710,Chemical Engineering,GOPENS,31708,90.6674583,90-94.99,CAP Round I,2025
2020,"Shri Guru Gobind Singhji Institute of Engineering and Technology, Nanded",202060610,Production Engineering,GOPENS,70638,78.4242636,Below 80,CAP Round I,2025
2020,"Shri Guru Gobind Singhji Institute of Engineering and Technology, Nanded",202061210,Mechanical Engineering,GOPENS,36184,89.2945239,80-89.99,CAP Round I,2025
2020,"Shri Guru Gobind Singhji Institute of Engineering and Technology, Nanded",202089610,Textile Technology,GOPENS,60265,81.7705077,80-89.99,CAP Round I,2025
2021,"University Department of Chemical Technology, Aurangabad",202150310,Food Technology,GOPENH,19044,94.8672079,90-94.99,CAP Round I,2025
2021,"University Department of Chemical Technology, Aurangabad",202181610,Pharmaceutical and Fine Chemical Technology,GOPENH,36087,90.1398286,90-94.99,CAP Round I,2025
2032,"Institute of Chemical Technology, Mumbai Marathwada off campus, Jalna",203290410,Chemical Engineering,GOPENS,11397,96.7467781,95-98.99,CAP Round I,2025
2111,"Everest Education Society, Group of Institutions (Integrated Campus), Ohar",211119110,Civil Engineering,GOPENH,182702,21.3037657,Below 80,CAP Round I,2025
2111,"Everest Education Society, Group of Institutions (Integrated Campus), Ohar",211124210,Computer Science and Engineering,GOPENH,156210,39.6653303,Below 80,CAP Round I,2025
2111,"Everest Education Society, Group of Institutions (Integrated Campus), Ohar",211129310,Electrical Engineering,GOPENH,186518,17.8544822,Below 80,CAP Round I,2025
2111,"Everest Education Society, Group of Institutions (Integrated Campus), Ohar",211161210,Mechanical Engineering,GOPENH,192129,12.9554081,Below 80,CAP Round I,2025
2111,"Everest Education Society, Group of Institutions (Integrated Campus), Ohar",211192110,Artificial Intelligence and Machine Learning,GOPENH,174789,26.6274079,Below 80,CAP Round I,2025
2111,"Everest Education Society, Group of Institutions (Integrated Campus), Ohar",211199510,Artificial Intelligence and Data Science,GOPENH,177009,25.2088452,Below 80,CAP Round I,2025
2112,"Shree Yash Pratishthan, Shreeyash College of Engineering and Technology, Aurangabad",211219110,Civil Engineering,GOPENH,151552,42.7403863,Below 80,CAP Round I,2025
2112,"Shree Yash Pratishthan, Shreeyash College of Engineering and Technology, Aurangabad",211224210,Computer Science and Engineering,GOPENH,94868,69.4561708,Below 80,CAP Round I,2025
2112,"Shree Yash Pratishthan, Shreeyash College of Engineering and Technology, Aurangabad",211229310,Electrical Engineering,GOPENH,138845,49.4020979,Below 80,CAP Round I,2025
2112,"Shree Yash Pratishthan, Shreeyash College of Engineering and Technology, Aurangabad",211261210,Mechanical Engineering,GOPENH,144816,46.3957696,Below 80,CAP Round I,2025
2112,"Shree Yash Pratishthan, Shreeyash College of Engineering and Technology, Aurangabad",211284410,Electronics and Computer Engineering,GOPENH,137624,50.3223138,Below 80,CAP Round I,2025
2112,"Shree Yash Pratishthan, Shreeyash College of Engineering and Technology, Aurangabad",211291110,Computer Science and Engineering(Artificial Intelligence and Machine Learning),GOPENH,105075,65.5190641,Below 80,CAP Round I,2025
2112,"Shree Yash Pratishthan, Shreeyash College of Engineering and Technology, Aurangabad",211291210,Computer Science and Engineering(Data Science),GOPENH,120628,58.4401523,Below 80,CAP Round I,2025
2112,"Shree Yash Pratishthan, Shreeyash College of Engineering and Technology, Aurangabad",211292910,VLSI,GOPENH,192771,11.9485358,Below 80,CAP Round I,2025
2112,"Shree Yash Pratishthan, Shreeyash College of Engineering and Technology, Aurangabad",211293210,5G,GOPENH,156146,39.6653303,Below 80,CAP Round I,2025
2113,"G. S. Mandal's Maharashtra Institute of Technology, Aurangabad",211301110,Agricultural Engineering,GOPENS,30955,91.6070026,90-94.99,CAP Round I,2025
2113,"G. S. Mandal's Maharashtra Institute of Technology, Aurangabad",211319110,Civil Engineering,GOPENS,115544,60.634478,Below 80,CAP Round I,2025
2113,"G. S. Mandal's Maharashtra Institute of Technology, Aurangabad",211324210,Computer Science and Engineering,GOPENS,58801,82.2162613,80-89.99,CAP Round I,2025
2113,"G. S. Mandal's Maharashtra Institute of Technology, Aurangabad",211325710,Computer Science and Design,GOPENS,83739,73.6328536,Below 80,CAP Round I,2025
2113,"G. S. Mandal's Maharashtra Institute of Technology, Aurangabad",211326310,Artificial Intelligence (AI) and Data Science,GOPENS,65328,79.98947,Below 80,CAP Round I,2025
2113,"G. S. Mandal's Maharashtra Institute of Technology, Aurangabad",211329310,Electrical Engineering,GOPENS,101302,66.9039004,Below 80,CAP Round I,2025
2113,"G. S. Mandal's Maharashtra Institute of Technology, Aurangabad",211337210,Electronics and Telecommunication Engg,GOPENS,86869,72.6730266,Below 80,CAP Round I,2025
2113,"G. S. Mandal's Maharashtra Institute of Technology, Aurangabad",211350110,Plastic and Polymer Engineering,GOPENS,152928,41.7471281,Below 80,CAP Round I,2025
2113,"G. S. Mandal's Maharashtra Institute of Technology, Aurangabad",211361210,Mechanical Engineering,GOPENS,119123,59.1762367,Below 80,CAP Round I,2025
2113,"G. S. Mandal's Maharashtra Institute of Technology, Aurangabad",211362410,Mechatronics Engineering,GOPENS,129429,54.1537389,Below 80,CAP Round I,2025
2113,"G. S. Mandal's Maharashtra Institute of Technology, Aurangabad",211384410,Electronics and Computer Engineering,GOPENS,94427,69.4936445,Below 80,CAP Round I,2025
2114,"Deogiri Institute of Engineering and Management Studies, Aurangabad",211419110,Civil Engineering,GOPENS,116938,60.3213757,Below 80,CAP Round I,2025
2114,"Deogiri Institute of Engineering and Management Studies, Aurangabad",211424210,Computer Science and Engineering,GOPENS,44814,86.675963,80-89.99,CAP Round I,2025
2114,"Deogiri Institute of Engineering and Management Studies, Aurangabad",211437210,Electronics and Telecommunication Engg,GOPENS,74219,77.0149774,Below 80,CAP Round I,2025
2114,"Deogiri Institute of Engineering and Management Studies, Aurangabad",211461210,Mechanical Engineering,GOPENS,113770,61.5619516,Below 80,CAP Round I,2025
2114,"Deogiri Institute of Engineering and Management Studies, Aurangabad",211491110,Computer Science and Engineering(Artificial Intelligence and Machine Learning),GOPENS,50443,84.8811189,80-89.99,CAP Round I,2025
2116,"Matoshri Pratishan's Group of Institutions (Integrated Campus), Kupsarwadi , Nanded",211619110,Civil Engineering,GOPENH,150346,43.1964993,Below 80,CAP Round I,2025
2116,"Matoshri Pratishan's Group of Institutions (Integrated Campus), Kupsarwadi , Nanded",211624210,Computer Science and Engineering,GOPENH,95431,69.2179237,Below 80,CAP Round I,2025
2116,"Matoshri Pratishan's Group of Institutions (Integrated Campus), Kupsarwadi , Nanded",211626310,Artificial Intelligence (AI) and Data Science,GOPENH,126279,55.6405756,Below 80,CAP Round I,2025
2116,"Matoshri Pratishan's Group of Institutions (Integrated Campus), Kupsarwadi , Nanded",211629310,Electrical Engineering,GOPENH,160235,36.226012,Below 80,CAP Round I,2025
2116,"Matoshri Pratishan's Group of Institutions (Integrated Campus), Kupsarwadi , Nanded",211637210,Electronics and Telecommunication Engg,GOPENH,140428,49.1540892,Below 80,CAP Round I,2025
2116,"Matoshri Pratishan's Group of Institutions (Integrated Campus), Kupsarwadi , Nanded",211661510,Mechanical & Automation Engineering,GOPENH,198320,6.54341,Below 80,CAP Round I,2025
2116,"Matoshri Pratishan's Group of Institutions (Integrated Campus), Kupsarwadi , Nanded",211691110,Computer Science and Engineering(Artificial Intelligence and Machine Learning),GOPENH,107556,64.2631037,Below 80,CAP Round I,2025
2127,"Mahatma Gandhi Missions College of Engineering, Hingoli Rd, Nanded.",212719110,Civil Engineering,GOPENH,99216,68.1117918,Below 80,CAP Round I,2025
2127,"Mahatma Gandhi Missions College of Engineering, Hingoli Rd, Nanded.",212724210,Computer Science and Engineering,GOPENH,56350,82.9717485,80-89.99,CAP Round I,2025
2127,"Mahatma Gandhi Missions College of Engineering, Hingoli Rd, Nanded.",212724610,Information Technology,GOPENH,75110,76.8973331,Below 80,CAP Round I,2025
2127,"Mahatma Gandhi Missions College of Engineering, Hingoli Rd, Nanded.",212737210,Electronics and Telecommunication Engg,GOPENH,91777,70.6189283,Below 80,CAP Round I,2025
2127,"Mahatma Gandhi Missions College of Engineering, Hingoli Rd, Nanded.",212761210,Mechanical Engineering,GOPENH,122782,57.4376852,Below 80,CAP Round I,2025
2127,"Mahatma Gandhi Missions College of Engineering, Hingoli Rd, Nanded.",212791610,Automation and Robotics,GOPENH,112598,62.0615406,Below 80,CAP Round I,2025
2127,"Mahatma Gandhi Missions College of Engineering, Hingoli Rd, Nanded.",212792110,Artificial Intelligence and Machine Learning,GOPENH,80929,74.9785452,Below 80,CAP Round I,2025
2129,"M.S. Bidve Engineering College, Latur",212919110,Civil Engineering,GOPENH,140207,49.1540892,Below 80,CAP Round I,2025
2129,"M.S. Bidve Engineering College, Latur",212924210,Computer Science and Engineering,GOPENH,72142,78.010417,Below 80,CAP Round I,2025
2129,"M.S. Bidve Engineering College, Latur",212924610,Information Technology,GOPENH,96137,69.0979021,Below 80,CAP Round I,2025
2129,"M.S. Bidve Engineering College, Latur",212929310,Electrical Engineering,GOPENH,125843,55.9381337,Below 80,CAP Round I,2025
2129,"M.S. Bidve Engineering College, Latur",212937210,Electronics and Telecommunication Engg,GOPENH,104503,65.6692751,Below 80,CAP Round I,2025
2129,"M.S. Bidve Engineering College, Latur",212961210,Mechanical Engineering,GOPENH,157626,39.2328654,Below 80,CAP Round I,2025
2129,"M.S. Bidve Engineering College, Latur",212991110,Computer Science and Engineering(Artificial Intelligence and Machine Learning),GOPENH,100814,67.1459332,Below 80,CAP Round I,2025
2130,"Terna Public Charitable Trust's College of Engineering, Osmanabad",213019110,Civil Engineering,GOPENH,175325,25.9873754,Below 80,CAP Round I,2025
2130,"Terna Public Charitable Trust's College of Engineering, Osmanabad",213024210,Computer Science and Engineering,GOPENH,93482,70.2033567,Below 80,CAP Round I,2025
2130,"Terna Public Charitable Trust's College of Engineering, Osmanabad",213037210,Electronics and Telecommunication Engg,GOPENH,160035,36.5248856,Below 80,CAP Round I,2025
2130,"Terna Public Charitable Trust's College of Engineering, Osmanabad",213061210,Mechanical Engineering,GOPENH,188601,15.8481365,Below 80,CAP Round I,2025
2130,"Terna Public Charitable Trust's College of Engineering, Osmanabad",213099510,Artificial Intelligence and Data Science,GOPENH,129532,54.1537389,Below 80,CAP Round I,2025
2131,"Shree Tuljabhavani College of Engineering, Tuljapur",213119110,Civil Engineering,GOPENH,144509,46.6242967,Below 80,CAP Round I,2025
2131,"Shree Tuljabhavani College of Engineering, Tuljapur",213124210,Computer Science and Engineering,GOPENH,146067,45.8266058,Below 80,CAP Round I,2025
2131,"Shree Tuljabhavani College of Engineering, Tuljapur",213137210,Electronics and Telecommunication Engg,GOPENH,197568,7.4355245,Below 80,CAP Round I,2025
2131,"Shree Tuljabhavani College of Engineering, Tuljapur",213161210,Mechanical Engineering,GOPENH,161743,35.9909439,Below 80,CAP Round I,2025
2133,"Mahatma Basaweshwar Education Society's College of Engineering, Ambejogai",213319110,Civil Engineering,GOPENH,191911,13.01665,Below 80,CAP Round I,2025
2133,"Mahatma Basaweshwar Education Society's College of Engineering, Ambejogai",213324210,Computer Science and Engineering,GOPENH,110259,63.2914656,Below 80,CAP Round I,2025
2133,"Mahatma Basaweshwar Education Society's College of Engineering, Ambejogai",213329310,Electrical Engineering,GOPENH,171679,29.0442453,Below 80,CAP Round I,2025
2133,"Mahatma Basaweshwar Education Society's College of Engineering, Ambejogai",213361210,Mechanical Engineering,GOPENH,185491,18.6473767,Below 80,CAP Round I,2025
2133,"Mahatma Basaweshwar Education Society's College of Engineering, Ambejogai",213384410,Electronics and Computer Engineering,GOPENH,189141,15.4704064,Below 80,CAP Round I,2025
2133,"Mahatma Basaweshwar Education Society's College of Engineering, Ambejogai",213391710,Data Science,GOPENH,166798,32.4837011,Below 80,CAP Round I,2025
2133,"Mahatma Basaweshwar Education Society's College of Engineering, Ambejogai",213399710,Artificial Intelligence,GOPENH,131357,53.6060165,Below 80,CAP Round I,2025
2134,"Peoples Education Society's College of Engineering, Aurangabad",213419110,Civil Engineering,GOPENS,147373,44.5303298,Below 80,CAP Round I,2025
2134,"Peoples Education Society's College of Engineering, Aurangabad",213424210,Computer Science and Engineering,GOPENS,78946,75.3562654,Below 80,CAP Round I,2025
2134,"Peoples Education Society's College of Engineering, Aurangabad",213429310,Electrical Engineering,GOPENS,145415,45.9816283,Below 80,CAP Round I,2025
2134,"Peoples Education Society's College of Engineering, Aurangabad",213437810,Electronics Engineering ( VLSI Design and Technology),GOPENS,158202,38.7925588,Below 80,CAP Round I,2025
2134,"Peoples Education Society's College of Engineering, Aurangabad",213461210,Mechanical Engineering,GOPENS,149394,43.5338318,Below 80,CAP Round I,2025
2134,"Peoples Education Society's College of Engineering, Aurangabad",213484410,Electronics and Computer Engineering,GOPENS,129404,54.1537389,Below 80,CAP Round I,2025
2134,"Peoples Education Society's College of Engineering, Aurangabad",213491210,Computer Science and Engineering(Data Science),GOPENS,101886,66.4263323,Below 80,CAP Round I,2025
2135,"Hi-Tech Institute of Technology, Aurangabad",213519110,Civil Engineering,GOPENH,169339,31.9226076,Below 80,CAP Round I,2025
2135,"Hi-Tech Institute of Technology, Aurangabad",213524210,Computer Science and Engineering,GOPENH,116245,60.4378874,Below 80,CAP Round I,2025
2135,"Hi-Tech Institute of Technology, Aurangabad",213561210,Mechanical Engineering,GOPENH,145620,45.9245973,Below 80,CAP Round I,2025
2135,"Hi-Tech Institute of Technology, Aurangabad",213591110,Computer Science and Engineering(Artificial Intelligence and Machine Learning),GOPENH,113627,61.6834321,Below 80,CAP Round I,2025
2136,"Aditya Engineering College , Beed",213619110,Civil Engineering,GOPENH,168171,32.0884521,Below 80,CAP Round I,2025
2136,"Aditya Engineering College , Beed",213624210,Computer Science and Engineering,GOPENH,114302,61.1295449,Below 80,CAP Round I,2025
2136,"Aditya Engineering College , Beed",213624610,Information Technology,GOPENH,157674,39.230205,Below 80,CAP Round I,2025
2136,"Aditya Engineering College , Beed",213629310,Electrical Engineering,GOPENH,162643,35.7798895,Below 80,CAP Round I,2025
2136,"Aditya Engineering College , Beed",213637210,Electronics and Telecommunication Engg,GOPENH,203403,0.4985184,Below 80,CAP Round I,2025
2136,"Aditya Engineering College , Beed",213661210,Mechanical Engineering,GOPENH,203634,0.1621193,Below 80,CAP Round I,2025
2136,"Aditya Engineering College , Beed",213691210,Computer Science and Engineering(Data Science),GOPENH,192942,11.8670556,Below 80,CAP Round I,2025
2136,"Aditya Engineering College , Beed",213692110,Artificial Intelligence and Machine Learning,GOPENH,166229,32.5553935,Below 80,CAP Round I,2025
2137,"Nagnathappa Halge Engineering College, Parli, Beed",213719110,Civil Engineering,GOPENH,199920,4.817857,Below 80,CAP Round I,2025
2137,"Nagnathappa Halge Engineering College, Parli, Beed",213724210,Computer Science and Engineering,GOPENH,170953,29.4125763,Below 80,CAP Round I,2025
2137,"Nagnathappa Halge Engineering College, Parli, Beed",213729710,Electrical and Electronics Engineering,GOPENH,195367,9.6906054,Below 80,CAP Round I,2025
2137,"Nagnathappa Halge Engineering College, Parli, Beed",213761210,Mechanical Engineering,GOPENH,180149,22.8214173,Below 80,CAP Round I,2025
2138,"Matsyodari Shikshan Sansatha's College of Engineering and Technology, Jalna",213819110,Civil Engineering,GOPENH,151519,42.7403863,Below 80,CAP Round I,2025
2138,"Matsyodari Shikshan Sansatha's College of Engineering and Technology, Jalna",213824210,Computer Science and Engineering,GOPENH,86367,72.7429418,Below 80,CAP Round I,2025
2138,"Matsyodari Shikshan Sansatha's College of Engineering and Technology, Jalna",213829310,Electrical Engineering,GOPENH,129482,54.1537389,Below 80,CAP Round I,2025
2138,"Matsyodari Shikshan Sansatha's College of Engineering and Technology, Jalna",213861210,Mechanical Engineering,GOPENH,166749,32.4837011,Below 80,CAP Round I,2025
2146,"Adarsh Shikshan Prasarak Mandal's K. T. Patil College of Engineering and Technology, Osmanabad",214619110,Civil Engineering,GOPENH,135684,50.9683037,Below 80,CAP Round I,2025
2146,"Adarsh Shikshan Prasarak Mandal's K. T. Patil College of Engineering and Technology, Osmanabad",214624210,Computer Science and Engineering,GOPENH,152631,41.7471281,Below 80,CAP Round I,2025
2146,"Adarsh Shikshan Prasarak Mandal's K. T. Patil College of Engineering and Technology, Osmanabad",214629710,Electrical and Electronics Engineering,GOPENH,185052,19.0847282,Below 80,CAP Round I,2025
2146,"Adarsh Shikshan Prasarak Mandal's K. T. Patil College of Engineering and Technology, Osmanabad",214637210,Electronics and Telecommunication Engg,GOPENH,179002,23.4701479,Below 80,CAP Round I,2025
2146,"Adarsh Shikshan Prasarak Mandal's K. T. Patil College of Engineering and Technology, Osmanabad",214661210,Mechanical Engineering,GOPENH,198000,7.1251441,Below 80,CAP Round I,2025
2189,"Vishweshwarayya Institute Of Engineering And Technology, Almala, Tq. Ausa, Dist. Latur",218919110,Civil Engineering,GOPENH,195636,9.4338928,Below 80,CAP Round I,2025
2189,"Vishweshwarayya Institute Of Engineering And Technology, Almala, Tq. Ausa, Dist. Latur",218937210,Electronics and Telecommunication Engg,GOPENH,184899,19.1697794,Below 80,CAP Round I,2025
2189,"Vishweshwarayya Institute Of Engineering And Technology, Almala, Tq. Ausa, Dist. Latur",218992510,Computer Science and Engineering (Artificial Intelligence and Data Science),GOPENH,121529,57.8195751,Below 80,CAP Round I,2025
2250,"Aurangabad College of Engineering, Naygaon Savangi, Aurangabad",225019110,Civil Engineering,GOPENH,146595,45.3566434,Below 80,CAP Round I,2025
2250,"Aurangabad College of Engineering, Naygaon Savangi, Aurangabad",225024210,Computer Science and Engineering,GOPENH,96895,68.8687467,Below 80,CAP Round I,2025
2250,"Aurangabad College of Engineering, Naygaon Savangi, Aurangabad",225029310,Electrical Engineering,GOPENH,178864,23.4701479,Below 80,CAP Round I,2025
2250,"Aurangabad College of Engineering, Naygaon Savangi, Aurangabad",225037210,Electronics and Telecommunication Engg,GOPENH,112072,62.1412608,Below 80,CAP Round I,2025
2250,"Aurangabad College of Engineering, Naygaon Savangi, Aurangabad",225061210,Mechanical Engineering,GOPENH,184486,19.2944893,Below 80,CAP Round I,2025
2250,"Aurangabad College of Engineering, Naygaon Savangi, Aurangabad",225099510,Artificial Intelligence and Data Science,GOPENH,122036,57.6249683,Below 80,CAP Round I,2025
2252,"Marathwada Shikshan Prasarak Mandal's Shri Shivaji Institute of Engineering and Management Studies, Parbhani",225219110,Civil Engineering,GOPENH,145192,46.3957696,Below 80,CAP Round I,2025
2252,"Marathwada Shikshan Prasarak Mandal's Shri Shivaji Institute of Engineering and Management Studies, Parbhani",225224210,Computer Science and Engineering,GOPENH,95948,69.0979021,Below 80,CAP Round I,2025
2252,"Marathwada Shikshan Prasarak Mandal's Shri Shivaji Institute of Engineering and Management Studies, Parbhani",225229710,Electrical and Electronics Engineering,GOPENH,126849,55.4922986,Below 80,CAP Round I,2025
2252,"Marathwada Shikshan Prasarak Mandal's Shri Shivaji Institute of Engineering and Management Studies, Parbhani",225261210,Mechanical Engineering,GOPENH,169540,31.5596589,Below 80,CAP Round I,2025
2254,"Vilasrao Deshmukh Foundation Group of Institutions, Latur",225419110,Civil Engineering,GOPENH,172234,28.9513426,Below 80,CAP Round I,2025
2254,"Vilasrao Deshmukh Foundation Group of Institutions, Latur",225424510,Computer Engineering,GOPENH,112535,62.1365556,Below 80,CAP Round I,2025
2254,"Vilasrao Deshmukh Foundation Group of Institutions, Latur",225424610,Information Technology,GOPENH,134274,51.7009371,Below 80,CAP Round I,2025
2254,"Vilasrao Deshmukh Foundation Group of Institutions, Latur",225429310,Electrical Engineering,GOPENH,202405,1.9170661,Below 80,CAP Round I,2025
2254,"Vilasrao Deshmukh Foundation Group of Institutions, Latur",225437210,Electronics and Telecommunication Engg,GOPENH,164223,34.896751,Below 80,CAP Round I,2025
2254,"Vilasrao Deshmukh Foundation Group of Institutions, Latur",225461210,Mechanical Engineering,GOPENH,192529,12.3781915,Below 80,CAP Round I,2025
2282,"Mitthulalji Sarada Institute Of Technology, Nalwandi Road, Beed",228219110,Civil Engineering,GOPENH,200942,3.5736677,Below 80,CAP Round I,2025
2282,"Mitthulalji Sarada Institute Of Technology, Nalwandi Road, Beed",228224510,Computer Engineering,GOPENH,202826,1.3398115,Below 80,CAP Round I,2025
2282,"Mitthulalji Sarada Institute Of Technology, Nalwandi Road, Beed",228224610,Information Technology,GOPENH,138518,49.6043895,Below 80,CAP Round I,2025
2282,"Mitthulalji Sarada Institute Of Technology, Nalwandi Road, Beed",228229310,Electrical Engineering,GOPENH,196157,8.9230769,Below 80,CAP Round I,2025
2282,"Mitthulalji Sarada Institute Of Technology, Nalwandi Road, Beed",228261210,Mechanical Engineering,GOPENH,190581,14.0584844,Below 80,CAP Round I,2025
2282,"Mitthulalji Sarada Institute Of Technology, Nalwandi Road, Beed",228290010,Electronics and Computer Science,GOPENH,161060,36.1161649,Below 80,CAP Round I,2025
2508,GRAMIN TECHNICAL AND MANAGEMENT CAMPUS NANDED.,250824210,Computer Science and Engineering,GOPENH,110947,62.918458,Below 80,CAP Round I,2025
2508,GRAMIN TECHNICAL AND MANAGEMENT CAMPUS NANDED.,250850310,Food Technology,GOPENH,87648,74.4794254,Below 80,CAP Round I,2025
2508,GRAMIN TECHNICAL AND MANAGEMENT CAMPUS NANDED.,250890610,Civil Engineering (Structural Engineering),GOPENS,169663,31.5596589,Below 80,CAP Round I,2025
2508,GRAMIN TECHNICAL AND MANAGEMENT CAMPUS NANDED.,250890710,Food Engineering,GOPENS,175276,25.9873754,Below 80,CAP Round I,2025
2508,GRAMIN TECHNICAL AND MANAGEMENT CAMPUS NANDED.,250890810,Mechanical and Automation Engineering,GOPENS,202805,1.3900866,Below 80,CAP Round I,2025
2508,GRAMIN TECHNICAL AND MANAGEMENT CAMPUS NANDED.,250890910,Electronics & Telecommunication Engineering,GOPENS,129133,54.4314351,Below 80,CAP Round I,2025
2508,GRAMIN TECHNICAL AND MANAGEMENT CAMPUS NANDED.,250891110,Computer Science and Engineering(Artificial Intelligence and Machine Learning),GOPENH,123694,57.0133407,Below 80,CAP Round I,2025
2508,GRAMIN TECHNICAL AND MANAGEMENT CAMPUS NANDED.,250891410,Safety and Fire Engineering,GOPENH,186943,17.6786167,Below 80,CAP Round I,2025
2508,GRAMIN TECHNICAL AND MANAGEMENT CAMPUS NANDED.,250893710,Electrical Engineering,GOPENS,174330,28.1994074,Below 80,CAP Round I,2025
2516,International Centre Of Excellence In Engineering and Management (ICEEM),251624210,Computer Science and Engineering,GOPENH,126968,55.4922986,Below 80,CAP Round I,2025
2516,International Centre Of Excellence In Engineering and Management (ICEEM),251629710,Electrical and Electronics Engineering,GOPENH,170802,29.4125763,Below 80,CAP Round I,2025
2516,International Centre Of Excellence In Engineering and Management (ICEEM),251661210,Mechanical Engineering,GOPENH,179103,23.4132019,Below 80,CAP Round I,2025
2516,International Centre Of Excellence In Engineering and Management (ICEEM),251692110,Artificial Intelligence and Machine Learning,GOPENH,149454,43.5338318,Below 80,CAP Round I,2025
2522,"STMEI's Sandipani Technical Campus-Faculty of Engineering, Latur.",252219110,Civil Engineering,GOPENH,138895,49.4020979,Below 80,CAP Round I,2025
2522,"STMEI's Sandipani Technical Campus-Faculty of Engineering, Latur.",252224510,Computer Engineering,GOPENH,151534,42.7403863,Below 80,CAP Round I,2025
2522,"STMEI's Sandipani Technical Campus-Faculty of Engineering, Latur.",252224610,Information Technology,GOPENH,188886,15.820115,Below 80,CAP Round I,2025
2522,"STMEI's Sandipani Technical Campus-Faculty of Engineering, Latur.",252237210,Electronics and Telecommunication Engg,GOPENH,184689,19.2051273,Below 80,CAP Round I,2025
2522,"STMEI's Sandipani Technical Campus-Faculty of Engineering, Latur.",252261210,Mechanical Engineering,GOPENH,201601,3.0019522,Below 80,CAP Round I,2025
2522,"STMEI's Sandipani Technical Campus-Faculty of Engineering, Latur.",252299510,Artificial Intelligence and Data Science,GOPENH,178850,23.4701479,Below 80,CAP Round I,2025
2533,"CSMSS Chh. Shahu College of Engineering, Aurangabad",253319110,Civil Engineering,GOPENH,103904,65.8992965,Below 80,CAP Round I,2025
2533,"CSMSS Chh. Shahu College of Engineering, Aurangabad",253324210,Computer Science and Engineering,GOPENH,61700,81.2846613,80-89.99,CAP Round I,2025
2533,"CSMSS Chh. Shahu College of Engineering, Aurangabad",253329310,Electrical Engineering,GOPENH,87116,72.3760958,Below 80,CAP Round I,2025
2533,"CSMSS Chh. Shahu College of Engineering, Aurangabad",253337810,Electronics Engineering ( VLSI Design and Technology),GOPENH,117982,59.9607019,Below 80,CAP Round I,2025
2533,"CSMSS Chh. Shahu College of Engineering, Aurangabad",253361210,Mechanical Engineering,GOPENH,118193,59.3210117,Below 80,CAP Round I,2025
2533,"CSMSS Chh. Shahu College of Engineering, Aurangabad",253384410,Electronics and Computer Engineering,GOPENH,94599,69.4936445,Below 80,CAP Round I,2025
2533,"CSMSS Chh. Shahu College of Engineering, Aurangabad",253392810,Electronics and Communication(Advanced Communication Technology),GOPENH,106715,64.713186,Below 80,CAP Round I,2025
2533,"CSMSS Chh. Shahu College of Engineering, Aurangabad",253399510,Artificial Intelligence and Data Science,GOPENH,67352,79.6033896,Below 80,CAP Round I,2025
2634,"Eaglewood Polytechnic Institute, A.P Phulepimpalgaon",263419110,Civil Engineering,GOPENH,153352,41.4020979,Below 80,CAP Round I,2025
2634,"Eaglewood Polytechnic Institute, A.P Phulepimpalgaon",263424510,Computer Engineering,GOPENH,200562,4.1433524,Below 80,CAP Round I,2025
2634,"Eaglewood Polytechnic Institute, A.P Phulepimpalgaon",263429310,Electrical Engineering,GOPENH,175032,26.6274079,Below 80,CAP Round I,2025
2634,"Eaglewood Polytechnic Institute, A.P Phulepimpalgaon",263492110,Artificial Intelligence and Machine Learning,GOPENH,176987,25.2088452,Below 80,CAP Round I,2025
2637,"Jijau Institute of Engineering Technology and Management, Khandgaon (Bendri), Taluka Naigaon, District Nanded",263719110,Civil Engineering,GOPENH,150633,43.031473,Below 80,CAP Round I,2025
2637,"Jijau Institute of Engineering Technology and Management, Khandgaon (Bendri), Taluka Naigaon, District Nanded",263724510,Computer Engineering,GOPENH,189340,15.4365886,Below 80,CAP Round I,2025
2637,"Jijau Institute of Engineering Technology and Management, Khandgaon (Bendri), Taluka Naigaon, District Nanded",263724610,Information Technology,GOPENH,198828,6.0307212,Below 80,CAP Round I,2025
2637,"Jijau Institute of Engineering Technology and Management, Khandgaon (Bendri), Taluka Naigaon, District Nanded",263737210,Electronics and Telecommunication Engg,GOPENH,170580,29.5314685,Below 80,CAP Round I,2025
2637,"Jijau Institute of Engineering Technology and Management, Khandgaon (Bendri), Taluka Naigaon, District Nanded",263799710,Artificial Intelligence,GOPENH,192059,12.9554081,Below 80,CAP Round I,2025
2641,Dr. V.K. Patil College of Engineering & Technology,264119110,Civil Engineering,GOPENH,161990,35.9909439,Below 80,CAP Round I,2025
2641,Dr. V.K. Patil College of Engineering & Technology,264124210,Computer Science and Engineering,GOPENH,161338,36.1161649,Below 80,CAP Round I,2025
2641,Dr. V.K. Patil College of Engineering & Technology,264129310,Electrical Engineering,GOPENH,191306,13.4300699,Below 80,CAP Round I,2025
2641,Dr. V.K. Patil College of Engineering & Technology,264161210,Mechanical Engineering,GOPENH,191686,13.2717448,Below 80,CAP Round I,2025
2641,Dr. V.K. Patil College of Engineering & Technology,264199710,Artificial Intelligence,GOPENH,122158,57.6249683,Below 80,CAP Round I,2025
2666,Mangaldeep College of Engineering,266624210,Computer Science and Engineering,GOPENH,171622,29.0442453,Below 80,CAP Round I,2025
2666,Mangaldeep College of Engineering,266624610,Information Technology,GOPENH,143249,47.13962,Below 80,CAP Round I,2025
2666,Mangaldeep College of Engineering,266656610,Computer Science,GOPENH,138564,49.6043895,Below 80,CAP Round I,2025
2666,Mangaldeep College of Engineering,266692110,Artificial Intelligence and Machine Learning,GOPENH,149370,43.5338318,Below 80,CAP Round I,2025
2758,Sant Eknath College of Engineering,275824210,Computer Science and Engineering,GOPENH,202480,1.8553336,Below 80,CAP Round I,2025
2758,Sant Eknath College of Engineering,275829310,Electrical Engineering,GOPENH,196242,8.8248475,Below 80,CAP Round I,2025
2758,Sant Eknath College of Engineering,275861210,Mechanical Engineering,GOPENH,200498,4.153013,Below 80,CAP Round I,2025
2758,Sant Eknath College of Engineering,275899710,Artificial Intelligence,GOPENH,185824,18.5475444,Below 80,CAP Round I,2025
2770,"Shetkari Shikshan Prasarak Mandal's Mahesh Institute of Engineering and Technology , Ashti",277019110,Civil Engineering,GOPENH,185265,18.9335664,Below 80,CAP Round I,2025
2770,"Shetkari Shikshan Prasarak Mandal's Mahesh Institute of Engineering and Technology , Ashti",277024510,Computer Engineering,GOPENH,194448,10.7725189,Below 80,CAP Round I,2025
2770,"Shetkari Shikshan Prasarak Mandal's Mahesh Institute of Engineering and Technology , Ashti",277061210,Mechanical Engineering,GOPENH,145283,45.9816283,Below 80,CAP Round I,2025
2770,"Shetkari Shikshan Prasarak Mandal's Mahesh Institute of Engineering and Technology , Ashti",277099510,Artificial Intelligence and Data Science,GOPENH,203575,0.2550932,Below 80,CAP Round I,2025
2771,Amolak College of Engineering Kada,277124210,Computer Science and Engineering,GOPENH,199265,5.7122954,Below 80,CAP Round I,2025
2771,Amolak College of Engineering Kada,277199510,Artificial Intelligence and Data Science,GOPENH,197936,7.1465923,Below 80,CAP Round I,2025
2772,JSPM College of Engineering,277219110,Civil Engineering,GOPENH,193963,11.0553814,Below 80,CAP Round I,2025
2772,JSPM College of Engineering,277224510,Computer Engineering,GOPENH,92987,70.2628092,Below 80,CAP Round I,2025
2772,JSPM College of Engineering,277237210,Electronics and Telecommunication Engg,GOPENH,123629,57.4017459,Below 80,CAP Round I,2025
2772,JSPM College of Engineering,277292110,Artificial Intelligence and Machine Learning,GOPENH,103399,66.1695365,Below 80,CAP Round I,2025
2777,CDS College of Engineering,277724210,Computer Science and Engineering,GOPENH,146460,45.3566434,Below 80,CAP Round I,2025
2777,CDS College of Engineering,277724610,Information Technology,GOPENH,187632,16.5233632,Below 80,CAP Round I,2025
2777,CDS College of Engineering,277737210,Electronics and Telecommunication Engg,GOPENH,180934,22.1740686,Below 80,CAP Round I,2025
2777,CDS College of Engineering,277761210,Mechanical Engineering,GOPENH,200722,3.9396716,Below 80,CAP Round I,2025
2777,CDS College of Engineering,277799710,Artificial Intelligence,GOPENH,164304,34.896751,Below 80,CAP Round I,2025
2779,NKSPT INSTITUTE OF ENGINEERING AND TECHNOLOGY PATHIKAR CAMPUS,277924210,Computer Science and Engineering,GOPENH,202040,2.4063712,Below 80,CAP Round I,2025
2779,NKSPT INSTITUTE OF ENGINEERING AND TECHNOLOGY PATHIKAR CAMPUS,277924610,Information Technology,GOPENH,199423,5.4917171,Below 80,CAP Round I,2025
2779,NKSPT INSTITUTE OF ENGINEERING AND TECHNOLOGY PATHIKAR CAMPUS,277937210,Electronics and Telecommunication Engg,GOPENH,200354,4.4095995,Below 80,CAP Round I,2025
2779,NKSPT INSTITUTE OF ENGINEERING AND TECHNOLOGY PATHIKAR CAMPUS,277999510,Artificial Intelligence and Data Science,GOPENH,201306,3.2502633,Below 80,CAP Round I,2025
3012,"Veermata Jijabai Technological Institute(VJTI), Matunga, Mumbai",301219110,Civil Engineering,GOPENS,5245,98.4709161,95-98.99,CAP Round I,2025
3012,"Veermata Jijabai Technological Institute(VJTI), Matunga, Mumbai",301224610,Information Technology,GOPENS,242,99.8985029,99+,CAP Round I,2025
3012,"Veermata Jijabai Technological Institute(VJTI), Matunga, Mumbai",301229310,Electrical Engineering,GOPENS,1437,99.5244755,99+,CAP Round I,2025
3012,"Veermata Jijabai Technological Institute(VJTI), Matunga, Mumbai",301237210,Electronics and Telecommunication Engg,GOPENS,742,99.7268438,99+,CAP Round I,2025
3012,"Veermata Jijabai Technological Institute(VJTI), Matunga, Mumbai",301237610,Electronics Engineering,GOPENS,932,99.6681918,99+,CAP Round I,2025
3012,"Veermata Jijabai Technological Institute(VJTI), Matunga, Mumbai",301261210,Mechanical Engineering,GOPENS,1864,99.3963644,99+,CAP Round I,2025
3012,"Veermata Jijabai Technological Institute(VJTI), Matunga, Mumbai",301262610,Production Engineering[Sandwich],GOPENS,4669,98.6334143,95-98.99,CAP Round I,2025
3012,"Veermata Jijabai Technological Institute(VJTI), Matunga, Mumbai",301289610,Textile Technology,GOPENS,9368,97.3318625,95-98.99,CAP Round I,2025
3014,"Sardar Patel College of Engineering, Andheri",301419110,Civil Engineering,GOPENS,7111,97.9613808,95-98.99,CAP Round I,2025
3014,"Sardar Patel College of Engineering, Andheri",301429310,Electrical Engineering,GOPENS,3121,99.0517692,99+,CAP Round I,2025
3014,"Sardar Patel College of Engineering, Andheri",301461210,Mechanical Engineering,GOPENS,3122,99.0517692,99+,CAP Round I,2025
3025,Svkm's Shri Bhagubhai Mafatlal Polytechnic & College of Engineering,0302524270U,Computer Science and Engineering,GOPENH,23664,93.1055879,90-94.99,CAP Round I,2025
3025,Svkm's Shri Bhagubhai Mafatlal Polytechnic & College of Engineering,0302524570U,Computer Engineering,GOPENH,22835,93.3751306,90-94.99,CAP Round I,2025
3025,Svkm's Shri Bhagubhai Mafatlal Polytechnic & College of Engineering,0302524670U,Information Technology,GOPENH,28250,91.7377622,90-94.99,CAP Round I,2025
3025,Svkm's Shri Bhagubhai Mafatlal Polytechnic & College of Engineering,0302591170U,Computer Science and Engineering(Artificial Intelligence and Machine Learning),GOPENH,24575,92.8376317,90-94.99,CAP Round I,2025
3033,"Dr. Babasaheb Ambedkar Technological University, Lonere",303319110,Civil Engineering,GOPENS,115040,60.9090909,Below 80,CAP Round I,2025
3033,"Dr. Babasaheb Ambedkar Technological University, Lonere",0303319113K,Civil Engineering,GOPENS,140818,48.5587427,Below 80,CAP Round I,2025
3033,"Dr. Babasaheb Ambedkar Technological University, Lonere",303324510,Computer Engineering,GOPENS,41657,87.6831328,80-89.99,CAP Round I,2025
3033,"Dr. Babasaheb Ambedkar Technological University, Lonere",0303324513K,Computer Engineering,GOPENS,61663,81.2846613,80-89.99,CAP Round I,2025
3033,"Dr. Babasaheb Ambedkar Technological University, Lonere",303324610,Information Technology,GOPENS,56642,82.8811189,80-89.99,CAP Round I,2025
3033,"Dr. Babasaheb Ambedkar Technological University, Lonere",0303324613K,Information Technology,GOPENS,72613,77.5384615,Below 80,CAP Round I,2025
3033,"Dr. Babasaheb Ambedkar Technological University, Lonere",303329310,Electrical Engineering,GOPENS,102305,66.3866132,Below 80,CAP Round I,2025
3033,"Dr. Babasaheb Ambedkar Technological University, Lonere",0303329313K,Electrical Engineering,GOPENS,120621,58.4401523,Below 80,CAP Round I,2025
3033,"Dr. Babasaheb Ambedkar Technological University, Lonere",303337210,Electronics and Telecommunication Engg,GOPENS,78736,75.4048881,Below 80,CAP Round I,2025
3033,"Dr. Babasaheb Ambedkar Technological University, Lonere",0303337213K,Electronics and Telecommunication Engg,GOPENS,96766,68.8687467,Below 80,CAP Round I,2025
3033,"Dr. Babasaheb Ambedkar Technological University, Lonere",0303337290L,Electronics and Telecommunication Engg,GOPENS,114787,60.9090909,Below 80,CAP Round I,2025
3033,"Dr. Babasaheb Ambedkar Technological University, Lonere",303337810,Electronics Engineering ( VLSI Design and Technology),GOPENS,125664,56.2929777,Below 80,CAP Round I,2025
3033,"Dr. Babasaheb Ambedkar Technological University, Lonere",0303337813K,Electronics Engineering ( VLSI Design and Technology),GOPENS,158318,38.7925588,Below 80,CAP Round I,2025
3033,"Dr. Babasaheb Ambedkar Technological University, Lonere",303350710,Chemical Engineering,GOPENS,93136,70.2628092,Below 80,CAP Round I,2025
3033,"Dr. Babasaheb Ambedkar Technological University, Lonere",0303350713K,Chemical Engineering,GOPENS,82845,73.7482517,Below 80,CAP Round I,2025
3033,"Dr. Babasaheb Ambedkar Technological University, Lonere",303352710,Petro Chemical Engineering,GOPENS,166573,32.5451434,Below 80,CAP Round I,2025
3033,"Dr. Babasaheb Ambedkar Technological University, Lonere",0303352713K,Petro Chemical Engineering,GOPENS,202062,2.4063712,Below 80,CAP Round I,2025
3033,"Dr. Babasaheb Ambedkar Technological University, Lonere",303361210,Mechanical Engineering,GOPENS,101959,66.4263323,Below 80,CAP Round I,2025
3033,"Dr. Babasaheb Ambedkar Technological University, Lonere",0303361213K,Mechanical Engineering,GOPENS,137722,50.3223138,Below 80,CAP Round I,2025
3033,"Dr. Babasaheb Ambedkar Technological University, Lonere",303390510,Computer Science and Engineering,GOPENS,68671,78.8357161,Below 80,CAP Round I,2025
3033,"Dr. Babasaheb Ambedkar Technological University, Lonere",0303390513K,Computer Science and Engineering,GOPENS,81104,74.9785452,Below 80,CAP Round I,2025
3036,"Institute of Chemical Technology, Matunga, Mumbai",303650710,Chemical Engineering,GOPENS,1645,99.4662839,99+,CAP Round I,2025
3036,"Institute of Chemical Technology, Matunga, Mumbai",303651110,Dyestuff Technology,GOPENS,5623,98.3671329,95-98.99,CAP Round I,2025
3036,"Institute of Chemical Technology, Matunga, Mumbai",303651210,"Oil,Oleochemicals and Surfactants Technology",GOPENS,4812,98.5804196,95-98.99,CAP Round I,2025
3036,"Institute of Chemical Technology, Matunga, Mumbai",303651310,Pharmaceuticals Chemistry and Technology,GOPENS,778,99.730746,99+,CAP Round I,2025
3036,"Institute of Chemical Technology, Matunga, Mumbai",303651410,Fibres and Textile Processing Technology,GOPENS,10691,96.9438791,95-98.99,CAP Round I,2025
3036,"Institute of Chemical Technology, Matunga, Mumbai",303651910,Polymer Engineering and Technology,GOPENS,3262,99.0185463,99+,CAP Round I,2025
3036,"Institute of Chemical Technology, Matunga, Mumbai",303653410,Food Engineering and Technology,GOPENS,1513,99.5293708,99+,CAP Round I,2025
3036,"Institute of Chemical Technology, Matunga, Mumbai",303672910,Surface Coating Technology,GOPENS,5943,98.2737044,95-98.99,CAP Round I,2025
3042,"Loknete Shamrao Peje Government College of Engineering, Ratnagiri",304229310,Electrical Engineering,GOPENH,145578,45.9245973,Below 80,CAP Round I,2025
3042,"Loknete Shamrao Peje Government College of Engineering, Ratnagiri",304250410,Food Technology And Management,GOPENH,82578,75.8217373,Below 80,CAP Round I,2025
3042,"Loknete Shamrao Peje Government College of Engineering, Ratnagiri",304262410,Mechatronics Engineering,GOPENH,153550,41.4020979,Below 80,CAP Round I,2025
3042,"Loknete Shamrao Peje Government College of Engineering, Ratnagiri",304291810,Civil and infrastructure Engineering,GOPENH,154090,40.6822054,Below 80,CAP Round I,2025
3042,"Loknete Shamrao Peje Government College of Engineering, Ratnagiri",304299510,Artificial Intelligence and Data Science,GOPENH,78410,75.4880541,Below 80,CAP Round I,2025
3135,"Manjara Charitable Trust's Rajiv Gandhi Institute of Technology, Mumbai",313524610,Information Technology,GOPENH,19556,94.3275746,90-94.99,CAP Round I,2025
3135,"Manjara Charitable Trust's Rajiv Gandhi Institute of Technology, Mumbai",313537210,Electronics and Telecommunication Engg,GOPENH,32255,90.5159705,90-94.99,CAP Round I,2025
3135,"Manjara Charitable Trust's Rajiv Gandhi Institute of Technology, Mumbai",313561210,Mechanical Engineering,GOPENH,31958,90.6332693,90-94.99,CAP Round I,2025
3135,"Manjara Charitable Trust's Rajiv Gandhi Institute of Technology, Mumbai",313599510,Artificial Intelligence and Data Science,GOPENH,17417,94.958042,90-94.99,CAP Round I,2025
3139,"Vidyalankar Institute of Technology,Wadala, Mumbai",313924610,Information Technology,GOPENS,10667,96.9438791,95-98.99,CAP Round I,2025
3139,"Vidyalankar Institute of Technology,Wadala, Mumbai",313937210,Electronics and Telecommunication Engg,GOPENS,15074,95.6472486,95-98.99,CAP Round I,2025
3139,"Vidyalankar Institute of Technology,Wadala, Mumbai",313946110,Bio Medical Engineering,GOPENS,28926,91.503982,90-94.99,CAP Round I,2025
3139,"Vidyalankar Institute of Technology,Wadala, Mumbai",313990010,Electronics and Computer Science,GOPENS,14724,95.7809758,95-98.99,CAP Round I,2025
3143,"Thakur Shyamnarayan Engineering College, Mumbai",314324610,Information Technology,GOPENH,21746,93.6851271,90-94.99,CAP Round I,2025
3143,"Thakur Shyamnarayan Engineering College, Mumbai",314361210,Mechanical Engineering,GOPENH,43715,87.0316109,80-89.99,CAP Round I,2025
3143,"Thakur Shyamnarayan Engineering College, Mumbai",314384410,Electronics and Computer Engineering,GOPENH,27859,91.8508049,90-94.99,CAP Round I,2025
3143,"Thakur Shyamnarayan Engineering College, Mumbai",314391110,Computer Science and Engineering(Artificial Intelligence and Machine Learning),GOPENH,24605,92.8376317,90-94.99,CAP Round I,2025
3146,"Jawahar Education Society's Annasaheb Chudaman Patil College of Engineering,Kharghar, Navi Mumbai",314600210,Aeronautical Engineering,GOPENH,72392,77.9513058,Below 80,CAP Round I,2025
3146,"Jawahar Education Society's Annasaheb Chudaman Patil College of Engineering,Kharghar, Navi Mumbai",314624510,Computer Engineering,GOPENH,42692,87.3196408,80-89.99,CAP Round I,2025
3146,"Jawahar Education Society's Annasaheb Chudaman Patil College of Engineering,Kharghar, Navi Mumbai",314624610,Information Technology,GOPENH,48263,85.6182564,80-89.99,CAP Round I,2025
3146,"Jawahar Education Society's Annasaheb Chudaman Patil College of Engineering,Kharghar, Navi Mumbai",314629310,Electrical Engineering,GOPENH,88244,71.8498844,Below 80,CAP Round I,2025
3146,"Jawahar Education Society's Annasaheb Chudaman Patil College of Engineering,Kharghar, Navi Mumbai",314637210,Electronics and Telecommunication Engg,GOPENH,63378,80.8599071,80-89.99,CAP Round I,2025
3146,"Jawahar Education Society's Annasaheb Chudaman Patil College of Engineering,Kharghar, Navi Mumbai",314661210,Mechanical Engineering,GOPENH,82896,73.7482517,Below 80,CAP Round I,2025
3146,"Jawahar Education Society's Annasaheb Chudaman Patil College of Engineering,Kharghar, Navi Mumbai",314692010,Computer Science and Engineering (Internet of Things and Cyber Security Including Block Chain,GOPENH,48912,85.4112341,80-89.99,CAP Round I,2025
3146,"Jawahar Education Society's Annasaheb Chudaman Patil College of Engineering,Kharghar, Navi Mumbai",314699510,Artificial Intelligence and Data Science,GOPENH,47351,85.901157,80-89.99,CAP Round I,2025
3147,"Saraswati Education Society, Yadavrao Tasgaonkar Institute of Engineering & Technology, Karjat",314719110,Civil Engineering,GOPENH,122760,57.5410529,Below 80,CAP Round I,2025
3147,"Saraswati Education Society, Yadavrao Tasgaonkar Institute of Engineering & Technology, Karjat",314724510,Computer Engineering,GOPENH,66371,79.7946282,Below 80,CAP Round I,2025
3147,"Saraswati Education Society, Yadavrao Tasgaonkar Institute of Engineering & Technology, Karjat",314724610,Information Technology,GOPENH,81686,74.5404987,Below 80,CAP Round I,2025
3147,"Saraswati Education Society, Yadavrao Tasgaonkar Institute of Engineering & Technology, Karjat",314729310,Electrical Engineering,GOPENH,121750,57.8195751,Below 80,CAP Round I,2025
3147,"Saraswati Education Society, Yadavrao Tasgaonkar Institute of Engineering & Technology, Karjat",314761210,Mechanical Engineering,GOPENH,140885,48.5587427,Below 80,CAP Round I,2025
3147,"Saraswati Education Society, Yadavrao Tasgaonkar Institute of Engineering & Technology, Karjat",314791710,Data Science,GOPENH,80308,75.1716925,Below 80,CAP Round I,2025
3147,"Saraswati Education Society, Yadavrao Tasgaonkar Institute of Engineering & Technology, Karjat",314792110,Artificial Intelligence and Machine Learning,GOPENH,61574,81.2846613,80-89.99,CAP Round I,2025
3148,"Mahavir Education Trust's Shah & Anchor Kutchhi Engineering College, Mumbai",314824610,Information Technology,GOPENS,25232,92.6563556,90-94.99,CAP Round I,2025
3148,"Mahavir Education Trust's Shah & Anchor Kutchhi Engineering College, Mumbai",314825210,Cyber Security,GOPENS,29613,91.3084967,90-94.99,CAP Round I,2025
3148,"Mahavir Education Trust's Shah & Anchor Kutchhi Engineering College, Mumbai",314837210,Electronics and Telecommunication Engg,GOPENS,38487,88.6328671,80-89.99,CAP Round I,2025
3148,"Mahavir Education Trust's Shah & Anchor Kutchhi Engineering College, Mumbai",314837810,Electronics Engineering ( VLSI Design and Technology),GOPENS,54052,83.7934335,80-89.99,CAP Round I,2025
3148,"Mahavir Education Trust's Shah & Anchor Kutchhi Engineering College, Mumbai",314890010,Electronics and Computer Science,GOPENS,35870,89.4898417,80-89.99,CAP Round I,2025
3148,"Mahavir Education Trust's Shah & Anchor Kutchhi Engineering College, Mumbai",314893310,Electronics and Communication (Advanced Communication Technology),GOPENS,48210,85.6182564,80-89.99,CAP Round I,2025
3148,"Mahavir Education Trust's Shah & Anchor Kutchhi Engineering College, Mumbai",314899510,Artificial Intelligence and Data Science,GOPENS,22026,93.5907336,90-94.99,CAP Round I,2025
3154,"Saraswati Education Society's Saraswati College of Engineering,Kharghar Navi Mumbai",315419110,Civil Engineering,GOPENS,95790,69.0979021,Below 80,CAP Round I,2025
3154,"Saraswati Education Society's Saraswati College of Engineering,Kharghar Navi Mumbai",315424510,Computer Engineering,GOPENS,38049,88.7615737,80-89.99,CAP Round I,2025
3154,"Saraswati Education Society's Saraswati College of Engineering,Kharghar Navi Mumbai",315424610,Information Technology,GOPENS,48117,85.6421968,80-89.99,CAP Round I,2025
3154,"Saraswati Education Society's Saraswati College of Engineering,Kharghar Navi Mumbai",315460210,Automobile Engineering,GOPENS,82468,73.8000589,Below 80,CAP Round I,2025
3154,"Saraswati Education Society's Saraswati College of Engineering,Kharghar Navi Mumbai",315461210,Mechanical Engineering,GOPENS,93993,69.8498837,Below 80,CAP Round I,2025
3154,"Saraswati Education Society's Saraswati College of Engineering,Kharghar Navi Mumbai",315491110,Computer Science and Engineering(Artificial Intelligence and Machine Learning),GOPENS,45674,86.4120225,80-89.99,CAP Round I,2025
3154,"Saraswati Education Society's Saraswati College of Engineering,Kharghar Navi Mumbai",315491210,Computer Science and Engineering(Data Science),GOPENS,47879,85.8461538,80-89.99,CAP Round I,2025
3175,"M.G.M.'s College of Engineering and Technology, Kamothe, Navi Mumbai",317519110,Civil Engineering,GOPENH,85809,72.8948543,Below 80,CAP Round I,2025
3175,"M.G.M.'s College of Engineering and Technology, Kamothe, Navi Mumbai",317524510,Computer Engineering,GOPENH,44602,86.6827486,80-89.99,CAP Round I,2025
3175,"M.G.M.'s College of Engineering and Technology, Kamothe, Navi Mumbai",317524610,Information Technology,GOPENH,50564,84.8736599,80-89.99,CAP Round I,2025
3175,"M.G.M.'s College of Engineering and Technology, Kamothe, Navi Mumbai",317529310,Electrical Engineering,GOPENH,89798,71.4842352,Below 80,CAP Round I,2025
3175,"M.G.M.'s College of Engineering and Technology, Kamothe, Navi Mumbai",317537210,Electronics and Telecommunication Engg,GOPENH,63138,80.9669596,80-89.99,CAP Round I,2025
3175,"M.G.M.'s College of Engineering and Technology, Kamothe, Navi Mumbai",317546110,Bio Medical Engineering,GOPENH,50115,85.0571556,80-89.99,CAP Round I,2025
3175,"M.G.M.'s College of Engineering and Technology, Kamothe, Navi Mumbai",317550710,Chemical Engineering,GOPENH,60422,81.7705077,80-89.99,CAP Round I,2025
3175,"M.G.M.'s College of Engineering and Technology, Kamothe, Navi Mumbai",317561210,Mechanical Engineering,GOPENH,85031,73.4354379,Below 80,CAP Round I,2025
3175,"M.G.M.'s College of Engineering and Technology, Kamothe, Navi Mumbai",317591110,Computer Science and Engineering(Artificial Intelligence and Machine Learning),GOPENH,42564,87.3285356,80-89.99,CAP Round I,2025
3175,"M.G.M.'s College of Engineering and Technology, Kamothe, Navi Mumbai",317591210,Computer Science and Engineering(Data Science),GOPENH,49178,85.2215842,80-89.99,CAP Round I,2025
3175,"M.G.M.'s College of Engineering and Technology, Kamothe, Navi Mumbai",317591610,Automation and Robotics,GOPENH,67731,79.4832155,Below 80,CAP Round I,2025
3176,"Thakur College of Engineering and Technology, Kandivali, Mumbai",317619110,Civil Engineering,GOPENS,30317,91.0740715,90-94.99,CAP Round I,2025
3176,"Thakur College of Engineering and Technology, Kandivali, Mumbai",317624610,Information Technology,GOPENS,12930,96.3186775,95-98.99,CAP Round I,2025
3176,"Thakur College of Engineering and Technology, Kandivali, Mumbai",317625910,Mechanical and Mechatronics Engineering (Additive Manufacturing),GOPENS,29883,91.2937063,90-94.99,CAP Round I,2025
3176,"Thakur College of Engineering and Technology, Kandivali, Mumbai",317626710,Computer Science and Engineering (IoT),GOPENS,18621,94.6273529,90-94.99,CAP Round I,2025
3176,"Thakur College of Engineering and Technology, Kandivali, Mumbai",317637210,Electronics and Telecommunication Engg,GOPENS,19652,94.2944615,90-94.99,CAP Round I,2025
3176,"Thakur College of Engineering and Technology, Kandivali, Mumbai",317661210,Mechanical Engineering,GOPENS,18540,94.6848871,90-94.99,CAP Round I,2025
3176,"Thakur College of Engineering and Technology, Kandivali, Mumbai",317690010,Electronics and Computer Science,GOPENS,17185,95.0533796,95-98.99,CAP Round I,2025
3176,"Thakur College of Engineering and Technology, Kandivali, Mumbai",317691010,Computer Science and Engineering(Cyber Security),GOPENS,17101,95.0717753,95-98.99,CAP Round I,2025
3176,"Thakur College of Engineering and Technology, Kandivali, Mumbai",317692110,Artificial Intelligence and Machine Learning,GOPENS,15602,95.5106068,95-98.99,CAP Round I,2025
3176,"Thakur College of Engineering and Technology, Kandivali, Mumbai",317699510,Artificial Intelligence and Data Science,GOPENS,15181,95.635667,95-98.99,CAP Round I,2025
3182,"Thadomal Shahani Engineering College, Bandra, Mumbai",318224610,Information Technology,GOPENH,4157,98.7774295,95-98.99,CAP Round I,2025
3182,"Thadomal Shahani Engineering College, Bandra, Mumbai",318237210,Electronics and Telecommunication Engg,GOPENH,5555,98.3873215,95-98.99,CAP Round I,2025
3182,"Thadomal Shahani Engineering College, Bandra, Mumbai",318250710,Chemical Engineering,GOPENH,8121,97.664739,95-98.99,CAP Round I,2025
3182,"Thadomal Shahani Engineering College, Bandra, Mumbai",318299510,Artificial Intelligence and Data Science,GOPENH,4459,98.6933157,95-98.99,CAP Round I,2025
3183,"Anjuman-I-Islam's M.H. Saboo Siddik College of Engineering, Byculla, Mumbai",318319110,Civil Engineering,GOPENH,132561,52.8806012,Below 80,CAP Round I,2025
3183,"Anjuman-I-Islam's M.H. Saboo Siddik College of Engineering, Byculla, Mumbai",318324510,Computer Engineering,GOPENH,40632,87.9466479,80-89.99,CAP Round I,2025
3183,"Anjuman-I-Islam's M.H. Saboo Siddik College of Engineering, Byculla, Mumbai",318324610,Information Technology,GOPENH,48051,85.6421968,80-89.99,CAP Round I,2025
3183,"Anjuman-I-Islam's M.H. Saboo Siddik College of Engineering, Byculla, Mumbai",318337210,Electronics and Telecommunication Engg,GOPENH,73818,77.1296846,Below 80,CAP Round I,2025
3183,"Anjuman-I-Islam's M.H. Saboo Siddik College of Engineering, Byculla, Mumbai",318361210,Mechanical Engineering,GOPENH,77032,75.8001957,Below 80,CAP Round I,2025
3183,"Anjuman-I-Islam's M.H. Saboo Siddik College of Engineering, Byculla, Mumbai",318361610,Mechanical Engineering Automobile,GOPENH,120483,58.6907687,Below 80,CAP Round I,2025
3183,"Anjuman-I-Islam's M.H. Saboo Siddik College of Engineering, Byculla, Mumbai",318391110,Computer Science and Engineering(Artificial Intelligence and Machine Learning),GOPENH,52167,84.4752545,80-89.99,CAP Round I,2025
3183,"Anjuman-I-Islam's M.H. Saboo Siddik College of Engineering, Byculla, Mumbai",318392010,Computer Science and Engineering (Internet of Things and Cyber Security Including Block Chain,GOPENH,53252,84.0359888,80-89.99,CAP Round I,2025
3184,"Fr. Conceicao Rodrigues College of Engineering, Bandra,Mumbai",318424210,Computer Science and Engineering,GOPENS,8092,97.664739,95-98.99,CAP Round I,2025
3184,"Fr. Conceicao Rodrigues College of Engineering, Bandra,Mumbai",318461210,Mechanical Engineering,GOPENS,11407,96.7467781,95-98.99,CAP Round I,2025
3184,"Fr. Conceicao Rodrigues College of Engineering, Bandra,Mumbai",318490010,Electronics and Computer Science,GOPENS,9755,97.2163775,95-98.99,CAP Round I,2025
3185,"Vivekanand Education Society's Institute of Technology, Chembur, Mumbai",318524610,Information Technology,GOPENS,8013,97.7126908,95-98.99,CAP Round I,2025
3185,"Vivekanand Education Society's Institute of Technology, Chembur, Mumbai",318537210,Electronics and Telecommunication Engg,GOPENS,10780,96.920806,95-98.99,CAP Round I,2025
3185,"Vivekanand Education Society's Institute of Technology, Chembur, Mumbai",318590010,Electronics and Computer Science,GOPENS,9220,97.3645465,95-98.99,CAP Round I,2025
3185,"Vivekanand Education Society's Institute of Technology, Chembur, Mumbai",318591610,Automation and Robotics,GOPENS,12401,96.4286945,95-98.99,CAP Round I,2025
3185,"Vivekanand Education Society's Institute of Technology, Chembur, Mumbai",318599510,Artificial Intelligence and Data Science,GOPENS,8226,97.6503399,95-98.99,CAP Round I,2025
3187,"N.Y.S.S.'s Datta Meghe College of Engineering, Airoli, Navi Mumbai",318719110,Civil Engineering,GOPENH,52588,84.1437716,80-89.99,CAP Round I,2025
3187,"N.Y.S.S.'s Datta Meghe College of Engineering, Airoli, Navi Mumbai",318724510,Computer Engineering,GOPENH,23325,93.2101568,90-94.99,CAP Round I,2025
3187,"N.Y.S.S.'s Datta Meghe College of Engineering, Airoli, Navi Mumbai",318724610,Information Technology,GOPENH,31503,90.7235685,90-94.99,CAP Round I,2025
3187,"N.Y.S.S.'s Datta Meghe College of Engineering, Airoli, Navi Mumbai",318737210,Electronics and Telecommunication Engg,GOPENH,49023,85.2260888,80-89.99,CAP Round I,2025
3187,"N.Y.S.S.'s Datta Meghe College of Engineering, Airoli, Navi Mumbai",318750710,Chemical Engineering,GOPENH,35230,89.6700597,80-89.99,CAP Round I,2025
3187,"N.Y.S.S.'s Datta Meghe College of Engineering, Airoli, Navi Mumbai",318761210,Mechanical Engineering,GOPENH,57246,82.8332926,80-89.99,CAP Round I,2025
3187,"N.Y.S.S.'s Datta Meghe College of Engineering, Airoli, Navi Mumbai",318791810,Civil and infrastructure Engineering,GOPENH,96945,68.8687467,Below 80,CAP Round I,2025
3187,"N.Y.S.S.'s Datta Meghe College of Engineering, Airoli, Navi Mumbai",318799510,Artificial Intelligence and Data Science,GOPENH,31707,90.6674583,90-94.99,CAP Round I,2025
3188,"Vasantdada Patil Pratishthan's College Of Engineering and Visual Arts, Sion, Mumbai",318824510,Computer Engineering,GOPENH,25627,92.5367989,90-94.99,CAP Round I,2025
3188,"Vasantdada Patil Pratishthan's College Of Engineering and Visual Arts, Sion, Mumbai",318824610,Information Technology,GOPENH,32402,90.5015276,90-94.99,CAP Round I,2025
3188,"Vasantdada Patil Pratishthan's College Of Engineering and Visual Arts, Sion, Mumbai",318862410,Mechatronics Engineering,GOPENH,64372,80.3575863,80-89.99,CAP Round I,2025
3188,"Vasantdada Patil Pratishthan's College Of Engineering and Visual Arts, Sion, Mumbai",318890010,Electronics and Computer Science,GOPENH,45409,86.552754,80-89.99,CAP Round I,2025
3188,"Vasantdada Patil Pratishthan's College Of Engineering and Visual Arts, Sion, Mumbai",318891110,Computer Science and Engineering(Artificial Intelligence and Machine Learning),GOPENH,30678,91.0114841,90-94.99,CAP Round I,2025
3189,"Bharati Vidyapeeth College of Engineering, Navi Mumbai",318924610,Information Technology,GOPENH,22150,93.5688239,90-94.99,CAP Round I,2025
3189,"Bharati Vidyapeeth College of Engineering, Navi Mumbai",318937210,Electronics and Telecommunication Engg,GOPENH,37867,88.7823852,80-89.99,CAP Round I,2025
3189,"Bharati Vidyapeeth College of Engineering, Navi Mumbai",318946610,Instrumentation Engineering,GOPENH,68301,79.027972,Below 80,CAP Round I,2025
3189,"Bharati Vidyapeeth College of Engineering, Navi Mumbai",318950710,Chemical Engineering,GOPENH,30571,91.051072,90-94.99,CAP Round I,2025
3189,"Bharati Vidyapeeth College of Engineering, Navi Mumbai",318961210,Mechanical Engineering,GOPENH,53056,84.0903324,80-89.99,CAP Round I,2025
3190,"Terna Engineering College, Nerul, Navi Mumbai",319019110,Civil Engineering,GOPENH,57150,82.837277,80-89.99,CAP Round I,2025
3190,"Terna Engineering College, Nerul, Navi Mumbai",319024510,Computer Engineering,GOPENH,24141,92.9765542,90-94.99,CAP Round I,2025
3190,"Terna Engineering College, Nerul, Navi Mumbai",319024610,Information Technology,GOPENH,26086,92.3826851,90-94.99,CAP Round I,2025
3190,"Terna Engineering College, Nerul, Navi Mumbai",319026310,Artificial Intelligence (AI) and Data Science,GOPENH,23751,93.0875099,90-94.99,CAP Round I,2025
3190,"Terna Engineering College, Nerul, Navi Mumbai",319037210,Electronics and Telecommunication Engg,GOPENH,46824,85.9646097,80-89.99,CAP Round I,2025
3190,"Terna Engineering College, Nerul, Navi Mumbai",319037610,Electronics Engineering,GOPENH,57596,82.5532062,80-89.99,CAP Round I,2025
3190,"Terna Engineering College, Nerul, Navi Mumbai",319061210,Mechanical Engineering,GOPENH,56168,83.0707711,80-89.99,CAP Round I,2025
3190,"Terna Engineering College, Nerul, Navi Mumbai",319062410,Mechatronics Engineering,GOPENH,61967,81.1324174,80-89.99,CAP Round I,2025
3192,"Smt. Indira Gandhi College of Engineering, Navi Mumbai",319224510,Computer Engineering,GOPENS,35444,89.5355262,80-89.99,CAP Round I,2025
3192,"Smt. Indira Gandhi College of Engineering, Navi Mumbai",319226310,Artificial Intelligence (AI) and Data Science,GOPENS,35165,89.6700597,80-89.99,CAP Round I,2025
3192,"Smt. Indira Gandhi College of Engineering, Navi Mumbai",319229310,Electrical Engineering,GOPENS,76814,76.2716859,Below 80,CAP Round I,2025
3192,"Smt. Indira Gandhi College of Engineering, Navi Mumbai",319261210,Mechanical Engineering,GOPENS,83422,73.6328536,Below 80,CAP Round I,2025
3192,"Smt. Indira Gandhi College of Engineering, Navi Mumbai",319291110,Computer Science and Engineering(Artificial Intelligence and Machine Learning),GOPENS,38598,88.6282029,80-89.99,CAP Round I,2025
3192,"Smt. Indira Gandhi College of Engineering, Navi Mumbai",319292010,Computer Science and Engineering (Internet of Things and Cyber Security Including Block Chain,GOPENS,45357,86.552754,80-89.99,CAP Round I,2025
3193,"Shivajirao S. Jondhale College of Engineering, Dombivali,Mumbai",319324510,Computer Engineering,GOPENH,46302,86.2326458,80-89.99,CAP Round I,2025
3193,"Shivajirao S. Jondhale College of Engineering, Dombivali,Mumbai",319324610,Information Technology,GOPENH,54431,83.7239356,80-89.99,CAP Round I,2025
3193,"Shivajirao S. Jondhale College of Engineering, Dombivali,Mumbai",319337210,Electronics and Telecommunication Engg,GOPENH,75348,76.8955509,Below 80,CAP Round I,2025
3193,"Shivajirao S. Jondhale College of Engineering, Dombivali,Mumbai",319350710,Chemical Engineering,GOPENH,81117,74.9785452,Below 80,CAP Round I,2025
3193,"Shivajirao S. Jondhale College of Engineering, Dombivali,Mumbai",319361210,Mechanical Engineering,GOPENH,101974,66.4263323,Below 80,CAP Round I,2025
3193,"Shivajirao S. Jondhale College of Engineering, Dombivali,Mumbai",319392110,Artificial Intelligence and Machine Learning,GOPENH,42421,87.3499473,80-89.99,CAP Round I,2025
3194,"Vidyavardhini's College of Engineering and Technology, Vasai",319419110,Civil Engineering,GOPENH,73570,77.161886,Below 80,CAP Round I,2025
3194,"Vidyavardhini's College of Engineering and Technology, Vasai",319424510,Computer Engineering,GOPENH,25970,92.4011947,90-94.99,CAP Round I,2025
3194,"Vidyavardhini's College of Engineering and Technology, Vasai",319424610,Information Technology,GOPENH,27952,91.7968608,90-94.99,CAP Round I,2025
3194,"Vidyavardhini's College of Engineering and Technology, Vasai",319437210,Electronics and Telecommunication Engg,GOPENH,45806,86.3869833,80-89.99,CAP Round I,2025
3194,"Vidyavardhini's College of Engineering and Technology, Vasai",319461210,Mechanical Engineering,GOPENH,54751,83.4924535,80-89.99,CAP Round I,2025
3194,"Vidyavardhini's College of Engineering and Technology, Vasai",319491210,Computer Science and Engineering(Data Science),GOPENH,34805,89.8231024,80-89.99,CAP Round I,2025
3194,"Vidyavardhini's College of Engineering and Technology, Vasai",319499510,Artificial Intelligence and Data Science,GOPENH,30909,90.9306237,90-94.99,CAP Round I,2025
3196,"Lokmanya Tilak College of Engineering, Kopar Khairane, Navi Mumbai",319624510,Computer Engineering,GOPENS,30768,90.970538,90-94.99,CAP Round I,2025
3196,"Lokmanya Tilak College of Engineering, Kopar Khairane, Navi Mumbai",319629310,Electrical Engineering,GOPENS,68616,78.8357161,Below 80,CAP Round I,2025
3196,"Lokmanya Tilak College of Engineering, Kopar Khairane, Navi Mumbai",319637210,Electronics and Telecommunication Engg,GOPENS,58219,82.3736697,80-89.99,CAP Round I,2025
3196,"Lokmanya Tilak College of Engineering, Kopar Khairane, Navi Mumbai",319661210,Mechanical Engineering,GOPENS,73945,77.0149774,Below 80,CAP Round I,2025
3196,"Lokmanya Tilak College of Engineering, Kopar Khairane, Navi Mumbai",319691110,Computer Science and Engineering(Artificial Intelligence and Machine Learning),GOPENS,35373,89.5868952,80-89.99,CAP Round I,2025
3196,"Lokmanya Tilak College of Engineering, Kopar Khairane, Navi Mumbai",319691210,Computer Science and Engineering(Data Science),GOPENS,33954,90.0175917,90-94.99,CAP Round I,2025
3196,"Lokmanya Tilak College of Engineering, Kopar Khairane, Navi Mumbai",319692010,Computer Science and Engineering (Internet of Things and Cyber Security Including Block Chain,GOPENS,36652,89.1962092,80-89.99,CAP Round I,2025
3197,"Agnel Charities' FR. C. Rodrigues Institute of Technology, Vashi, Navi Mumbai",319724210,Computer Science and Engineering,GOPENS,11267,96.7783105,95-98.99,CAP Round I,2025
3197,"Agnel Charities' FR. C. Rodrigues Institute of Technology, Vashi, Navi Mumbai",319729310,Electrical Engineering,GOPENS,25979,92.4011947,90-94.99,CAP Round I,2025
3197,"Agnel Charities' FR. C. Rodrigues Institute of Technology, Vashi, Navi Mumbai",319737210,Electronics and Telecommunication Engg,GOPENS,13057,96.2611882,95-98.99,CAP Round I,2025
3197,"Agnel Charities' FR. C. Rodrigues Institute of Technology, Vashi, Navi Mumbai",319761210,Mechanical Engineering,GOPENS,23831,93.0581679,90-94.99,CAP Round I,2025
3198,"Konkan Gyanpeeth College of Engineering, Karjat",319824210,Computer Science and Engineering,GOPENH,81458,74.6802716,Below 80,CAP Round I,2025
3198,"Konkan Gyanpeeth College of Engineering, Karjat",319824510,Computer Engineering,GOPENH,77755,75.652265,Below 80,CAP Round I,2025
3198,"Konkan Gyanpeeth College of Engineering, Karjat",319824610,Information Technology,GOPENH,99791,67.8210479,Below 80,CAP Round I,2025
3198,"Konkan Gyanpeeth College of Engineering, Karjat",319861210,Mechanical Engineering,GOPENH,161202,36.1161649,Below 80,CAP Round I,2025
3198,"Konkan Gyanpeeth College of Engineering, Karjat",319899510,Artificial Intelligence and Data Science,GOPENH,95320,69.3295893,Below 80,CAP Round I,2025
3199,"Shri Vile Parle Kelvani Mandal's Dwarkadas J. Sanghvi College of Engineering, Vile Parle,Mumbai",319924610,Information Technology,GOPENS,2436,99.2447552,99+,CAP Round I,2025
3199,"Shri Vile Parle Kelvani Mandal's Dwarkadas J. Sanghvi College of Engineering, Vile Parle,Mumbai",319926310,Artificial Intelligence (AI) and Data Science,GOPENS,2558,99.2061478,99+,CAP Round I,2025
3199,"Shri Vile Parle Kelvani Mandal's Dwarkadas J. Sanghvi College of Engineering, Vile Parle,Mumbai",319937210,Electronics and Telecommunication Engg,GOPENS,4404,98.7076945,95-98.99,CAP Round I,2025
3199,"Shri Vile Parle Kelvani Mandal's Dwarkadas J. Sanghvi College of Engineering, Vile Parle,Mumbai",319961210,Mechanical Engineering,GOPENS,7451,97.857952,95-98.99,CAP Round I,2025
3199,"Shri Vile Parle Kelvani Mandal's Dwarkadas J. Sanghvi College of Engineering, Vile Parle,Mumbai",319991210,Computer Science and Engineering(Data Science),GOPENS,3017,99.0864904,99+,CAP Round I,2025
3199,"Shri Vile Parle Kelvani Mandal's Dwarkadas J. Sanghvi College of Engineering, Vile Parle,Mumbai",319992010,Computer Science and Engineering (Internet of Things and Cyber Security Including Block Chain,GOPENS,3246,99.0185463,99+,CAP Round I,2025
3199,"Shri Vile Parle Kelvani Mandal's Dwarkadas J. Sanghvi College of Engineering, Vile Parle,Mumbai",319992110,Artificial Intelligence and Machine Learning,GOPENS,3094,99.0559885,99+,CAP Round I,2025
3200,"Hope Foundation and research center's Finolex Academy of Management and Technology, Ratnagiri",320024610,Information Technology,GOPENH,68487,79.027972,Below 80,CAP Round I,2025
3200,"Hope Foundation and research center's Finolex Academy of Management and Technology, Ratnagiri",320029310,Electrical Engineering,GOPENH,97589,68.4702591,Below 80,CAP Round I,2025
3200,"Hope Foundation and research center's Finolex Academy of Management and Technology, Ratnagiri",320037210,Electronics and Telecommunication Engg,GOPENH,98487,68.2382408,Below 80,CAP Round I,2025
3200,"Hope Foundation and research center's Finolex Academy of Management and Technology, Ratnagiri",320050710,Chemical Engineering,GOPENH,88323,71.8197195,Below 80,CAP Round I,2025
3200,"Hope Foundation and research center's Finolex Academy of Management and Technology, Ratnagiri",320061210,Mechanical Engineering,GOPENH,108149,63.8244514,Below 80,CAP Round I,2025
3200,"Hope Foundation and research center's Finolex Academy of Management and Technology, Ratnagiri",320091010,Computer Science and Engineering(Cyber Security),GOPENH,71978,78.010417,Below 80,CAP Round I,2025
3200,"Hope Foundation and research center's Finolex Academy of Management and Technology, Ratnagiri",320091110,Computer Science and Engineering(Artificial Intelligence and Machine Learning),GOPENH,45268,86.6223776,80-89.99,CAP Round I,2025
3201,"Rizvi Education Society's Rizvi College of Engineering, Bandra,Mumbai",320119110,Civil Engineering,GOPENH,59856,81.940403,80-89.99,CAP Round I,2025
3201,"Rizvi Education Society's Rizvi College of Engineering, Bandra,Mumbai",320124510,Computer Engineering,GOPENH,30723,91.0114841,90-94.99,CAP Round I,2025
3201,"Rizvi Education Society's Rizvi College of Engineering, Bandra,Mumbai",320161210,Mechanical Engineering,GOPENH,66919,79.6986029,Below 80,CAP Round I,2025
3201,"Rizvi Education Society's Rizvi College of Engineering, Bandra,Mumbai",320190010,Electronics and Computer Science,GOPENH,39311,88.3826292,80-89.99,CAP Round I,2025
3201,"Rizvi Education Society's Rizvi College of Engineering, Bandra,Mumbai",320199510,Artificial Intelligence and Data Science,GOPENH,28157,91.7513251,90-94.99,CAP Round I,2025
3202,Rajendra Mane College of Engineering & Technology Ambav Deorukh,320224510,Computer Engineering,GOPENH,92442,70.507201,Below 80,CAP Round I,2025
3202,Rajendra Mane College of Engineering & Technology Ambav Deorukh,320260210,Automobile Engineering,GOPENH,154774,40.0432529,Below 80,CAP Round I,2025
3202,Rajendra Mane College of Engineering & Technology Ambav Deorukh,320261210,Mechanical Engineering,GOPENH,201958,2.4831562,Below 80,CAP Round I,2025
3202,Rajendra Mane College of Engineering & Technology Ambav Deorukh,320290010,Electronics and Computer Science,GOPENH,135335,50.9683037,Below 80,CAP Round I,2025
3203,"Atharva College of Engineering,Malad(West),Mumbai",320324610,Information Technology,GOPENH,24037,92.9807126,90-94.99,CAP Round I,2025
3203,"Atharva College of Engineering,Malad(West),Mumbai",320329310,Electrical Engineering,GOPENH,48404,85.5729148,80-89.99,CAP Round I,2025
3203,"Atharva College of Engineering,Malad(West),Mumbai",320337210,Electronics and Telecommunication Engg,GOPENH,41727,87.6322867,80-89.99,CAP Round I,2025
3203,"Atharva College of Engineering,Malad(West),Mumbai",320390010,Electronics and Computer Science,GOPENH,30535,91.051072,90-94.99,CAP Round I,2025
3204,"St. Francis Institute of Technology,Borivali, Mumbai",320424610,Information Technology,GOPENS,19530,94.3275746,90-94.99,CAP Round I,2025
3204,"St. Francis Institute of Technology,Borivali, Mumbai",320429310,Electrical Engineering,GOPENS,45431,86.5435447,80-89.99,CAP Round I,2025
3204,"St. Francis Institute of Technology,Borivali, Mumbai",320437210,Electronics and Telecommunication Engg,GOPENS,28112,91.7521019,90-94.99,CAP Round I,2025
3204,"St. Francis Institute of Technology,Borivali, Mumbai",320461210,Mechanical Engineering,GOPENS,45261,86.6223776,80-89.99,CAP Round I,2025
3204,"St. Francis Institute of Technology,Borivali, Mumbai",320490010,Electronics and Computer Science,GOPENS,22584,93.4570631,90-94.99,CAP Round I,2025
3204,"St. Francis Institute of Technology,Borivali, Mumbai",320492110,Artificial Intelligence and Machine Learning,GOPENS,17705,94.8874728,90-94.99,CAP Round I,2025
3206,"S.S.P.M.'s College of Engineering, Kankavli",320624510,Computer Engineering,GOPENH,78492,75.4880541,Below 80,CAP Round I,2025
3206,"S.S.P.M.'s College of Engineering, Kankavli",320629310,Electrical Engineering,GOPENH,142934,47.1398578,Below 80,CAP Round I,2025
3206,"S.S.P.M.'s College of Engineering, Kankavli",320656610,Computer Science,GOPENH,76015,76.7635852,Below 80,CAP Round I,2025
3206,"S.S.P.M.'s College of Engineering, Kankavli",320661210,Mechanical Engineering,GOPENH,158300,38.7925588,Below 80,CAP Round I,2025
3206,"S.S.P.M.'s College of Engineering, Kankavli",320690010,Electronics and Computer Science,GOPENH,139751,49.2256217,Below 80,CAP Round I,2025
3206,"S.S.P.M.'s College of Engineering, Kankavli",320691110,Computer Science and Engineering(Artificial Intelligence and Machine Learning),GOPENH,86958,72.3760958,Below 80,CAP Round I,2025
3207,"Mahatma Education Society's Pillai College of Engineering, New Panvel",320724610,Information Technology,GOPENS,25846,92.4230769,90-94.99,CAP Round I,2025
3207,"Mahatma Education Society's Pillai College of Engineering, New Panvel",320737210,Electronics and Telecommunication Engg,GOPENS,43380,87.1376478,80-89.99,CAP Round I,2025
3207,"Mahatma Education Society's Pillai College of Engineering, New Panvel",320760210,Automobile Engineering,GOPENS,71471,78.2396759,Below 80,CAP Round I,2025
3207,"Mahatma Education Society's Pillai College of Engineering, New Panvel",320761210,Mechanical Engineering,GOPENS,50468,84.8811189,80-89.99,CAP Round I,2025
3207,"Mahatma Education Society's Pillai College of Engineering, New Panvel",320790010,Electronics and Computer Science,GOPENS,34755,89.8231024,80-89.99,CAP Round I,2025
3208,"Don Bosco Institute of Technology, Mumbai",320824610,Information Technology,GOPENS,17568,94.9191128,90-94.99,CAP Round I,2025
3208,"Don Bosco Institute of Technology, Mumbai",320837210,Electronics and Telecommunication Engg,GOPENS,28714,91.6321516,90-94.99,CAP Round I,2025
3208,"Don Bosco Institute of Technology, Mumbai",320861210,Mechanical Engineering,GOPENS,38010,88.7700729,80-89.99,CAP Round I,2025
3210,"Excelsior Education Society's K.C. College of Engineering and Management Studies and Research, Kopri, Thane (E)",321024510,Computer Engineering,GOPENH,46591,85.9982332,80-89.99,CAP Round I,2025
3210,"Excelsior Education Society's K.C. College of Engineering and Management Studies and Research, Kopri, Thane (E)",321024610,Information Technology,GOPENH,56055,83.1060395,80-89.99,CAP Round I,2025
3210,"Excelsior Education Society's K.C. College of Engineering and Management Studies and Research, Kopri, Thane (E)",321037210,Electronics and Telecommunication Engg,GOPENH,65754,79.9072027,Below 80,CAP Round I,2025
3211,"S.I.E.S. Graduate School of Technology, Nerul, Navi Mumbai",321124610,Information Technology,GOPENS,19357,94.419684,90-94.99,CAP Round I,2025
3211,"S.I.E.S. Graduate School of Technology, Nerul, Navi Mumbai",321126310,Artificial Intelligence (AI) and Data Science,GOPENS,19696,94.294414,90-94.99,CAP Round I,2025
3211,"S.I.E.S. Graduate School of Technology, Nerul, Navi Mumbai",321137210,Electronics and Telecommunication Engg,GOPENS,26718,92.2299976,90-94.99,CAP Round I,2025
3211,"S.I.E.S. Graduate School of Technology, Nerul, Navi Mumbai",321190010,Electronics and Computer Science,GOPENS,24852,92.7805181,90-94.99,CAP Round I,2025
3211,"S.I.E.S. Graduate School of Technology, Nerul, Navi Mumbai",321192010,Computer Science and Engineering (Internet of Things and Cyber Security Including Block Chain,GOPENS,20969,93.8935512,90-94.99,CAP Round I,2025
3211,"S.I.E.S. Graduate School of Technology, Nerul, Navi Mumbai",321192110,Artificial Intelligence and Machine Learning,GOPENS,18145,94.7771148,90-94.99,CAP Round I,2025
3212,"Watumull Institute of Engineering & Technology, Ulhasnagar",321219110,Civil Engineering,GOPENH,136668,50.5909012,Below 80,CAP Round I,2025
3212,"Watumull Institute of Engineering & Technology, Ulhasnagar",321224510,Computer Engineering,GOPENH,69997,78.5819586,Below 80,CAP Round I,2025
3214,"Xavier Institute Of Engineering C/O Xavier Technical Institute,Mahim,Mumbai",321424610,Information Technology,GOPENS,18697,94.5865408,90-94.99,CAP Round I,2025
3214,"Xavier Institute Of Engineering C/O Xavier Technical Institute,Mahim,Mumbai",321484410,Electronics and Computer Engineering,GOPENS,22581,93.4570631,90-94.99,CAP Round I,2025
3214,"Xavier Institute Of Engineering C/O Xavier Technical Institute,Mahim,Mumbai",321492010,Computer Science and Engineering (Internet of Things and Cyber Security Including Block Chain,GOPENS,21438,93.8107171,90-94.99,CAP Round I,2025
3215,"Bhartiya Vidya Bhavan's Sardar Patel Institute of Technology , Andheri, Mumbai",321524510,Computer Engineering,GOPENS,684,99.7481977,99+,CAP Round I,2025
3215,"Bhartiya Vidya Bhavan's Sardar Patel Institute of Technology , Andheri, Mumbai",321537210,Electronics and Telecommunication Engg,GOPENS,1417,99.5308338,99+,CAP Round I,2025
3216,"Gharda Foundation's Gharda Institute of Technology,Khed, Ratnagiri",321619110,Civil Engineering,GOPENH,174768,26.7336064,Below 80,CAP Round I,2025
3216,"Gharda Foundation's Gharda Institute of Technology,Khed, Ratnagiri",321624510,Computer Engineering,GOPENH,77205,75.8001957,Below 80,CAP Round I,2025
3216,"Gharda Foundation's Gharda Institute of Technology,Khed, Ratnagiri",321637210,Electronics and Telecommunication Engg,GOPENH,135324,50.9683037,Below 80,CAP Round I,2025
3216,"Gharda Foundation's Gharda Institute of Technology,Khed, Ratnagiri",321650710,Chemical Engineering,GOPENH,129467,54.1537389,Below 80,CAP Round I,2025
3216,"Gharda Foundation's Gharda Institute of Technology,Khed, Ratnagiri",321661210,Mechanical Engineering,GOPENH,157443,39.2328654,Below 80,CAP Round I,2025
3216,"Gharda Foundation's Gharda Institute of Technology,Khed, Ratnagiri",321691110,Computer Science and Engineering(Artificial Intelligence and Machine Learning),GOPENH,76273,76.67552,Below 80,CAP Round I,2025
3217,"Vighnaharata Trust's Shivajirao S. Jondhale College of Engineering & Technology, Shahapur, Asangaon, Dist Thane",321719110,Civil Engineering,GOPENH,144934,46.3957696,Below 80,CAP Round I,2025
3217,"Vighnaharata Trust's Shivajirao S. Jondhale College of Engineering & Technology, Shahapur, Asangaon, Dist Thane",321724510,Computer Engineering,GOPENH,70055,78.5512207,Below 80,CAP Round I,2025
3217,"Vighnaharata Trust's Shivajirao S. Jondhale College of Engineering & Technology, Shahapur, Asangaon, Dist Thane",321737210,Electronics and Telecommunication Engg,GOPENH,125043,56.5039753,Below 80,CAP Round I,2025
3217,"Vighnaharata Trust's Shivajirao S. Jondhale College of Engineering & Technology, Shahapur, Asangaon, Dist Thane",321761210,Mechanical Engineering,GOPENH,173804,28.3031822,Below 80,CAP Round I,2025
3217,"Vighnaharata Trust's Shivajirao S. Jondhale College of Engineering & Technology, Shahapur, Asangaon, Dist Thane",321791610,Automation and Robotics,GOPENH,119029,59.1762367,Below 80,CAP Round I,2025
3218,"Aldel Education Trust's St. John College of Engineering & Management, Vevoor, Palghar",321819110,Civil Engineering,GOPENS,161213,36.1161649,Below 80,CAP Round I,2025
3218,"Aldel Education Trust's St. John College of Engineering & Management, Vevoor, Palghar",321824510,Computer Engineering,GOPENS,61770,81.1967017,80-89.99,CAP Round I,2025
3218,"Aldel Education Trust's St. John College of Engineering & Management, Vevoor, Palghar",321824610,Information Technology,GOPENS,64291,80.4732503,80-89.99,CAP Round I,2025
3218,"Aldel Education Trust's St. John College of Engineering & Management, Vevoor, Palghar",321861210,Mechanical Engineering,GOPENS,119998,58.8525307,Below 80,CAP Round I,2025
3218,"Aldel Education Trust's St. John College of Engineering & Management, Vevoor, Palghar",321890010,Electronics and Computer Science,GOPENS,87415,72.1363369,Below 80,CAP Round I,2025
3218,"Aldel Education Trust's St. John College of Engineering & Management, Vevoor, Palghar",321891210,Computer Science and Engineering(Data Science),GOPENS,64358,80.3575863,80-89.99,CAP Round I,2025
3218,"Aldel Education Trust's St. John College of Engineering & Management, Vevoor, Palghar",321892110,Artificial Intelligence and Machine Learning,GOPENS,59160,82.1319232,80-89.99,CAP Round I,2025
3219,"Koti Vidya Charitable Trust's Smt. Alamuri Ratnamala Institute of Engineering and Technology, Sapgaon, Tal. Shahapur",321919110,Civil Engineering,GOPENH,200080,4.5709952,Below 80,CAP Round I,2025
3219,"Koti Vidya Charitable Trust's Smt. Alamuri Ratnamala Institute of Engineering and Technology, Sapgaon, Tal. Shahapur",321924510,Computer Engineering,GOPENH,143209,47.13962,Below 80,CAP Round I,2025
3219,"Koti Vidya Charitable Trust's Smt. Alamuri Ratnamala Institute of Engineering and Technology, Sapgaon, Tal. Shahapur",321924610,Information Technology,GOPENH,146147,45.8266058,Below 80,CAP Round I,2025
3219,"Koti Vidya Charitable Trust's Smt. Alamuri Ratnamala Institute of Engineering and Technology, Sapgaon, Tal. Shahapur",321929310,Electrical Engineering,GOPENH,203231,0.7830016,Below 80,CAP Round I,2025
3219,"Koti Vidya Charitable Trust's Smt. Alamuri Ratnamala Institute of Engineering and Technology, Sapgaon, Tal. Shahapur",321937210,Electronics and Telecommunication Engg,GOPENH,179118,23.4132019,Below 80,CAP Round I,2025
3219,"Koti Vidya Charitable Trust's Smt. Alamuri Ratnamala Institute of Engineering and Technology, Sapgaon, Tal. Shahapur",321961210,Mechanical Engineering,GOPENH,199563,5.3139267,Below 80,CAP Round I,2025
3219,"Koti Vidya Charitable Trust's Smt. Alamuri Ratnamala Institute of Engineering and Technology, Sapgaon, Tal. Shahapur",321991110,Computer Science and Engineering(Artificial Intelligence and Machine Learning),GOPENH,130180,53.7591782,Below 80,CAP Round I,2025
3220,Yadavrao Tasgaonkar College of Engineering & Management,322019110,Civil Engineering,GOPENH,195360,9.6906054,Below 80,CAP Round I,2025
3220,Yadavrao Tasgaonkar College of Engineering & Management,322024510,Computer Engineering,GOPENH,96013,69.0979021,Below 80,CAP Round I,2025
3220,Yadavrao Tasgaonkar College of Engineering & Management,322024610,Information Technology,GOPENH,131533,53.2657343,Below 80,CAP Round I,2025
3220,Yadavrao Tasgaonkar College of Engineering & Management,322025210,Cyber Security,GOPENH,81685,74.5404987,Below 80,CAP Round I,2025
3220,Yadavrao Tasgaonkar College of Engineering & Management,322037210,Electronics and Telecommunication Engg,GOPENH,153110,41.4458186,Below 80,CAP Round I,2025
3220,Yadavrao Tasgaonkar College of Engineering & Management,322061210,Mechanical Engineering,GOPENH,201323,3.2027737,Below 80,CAP Round I,2025
3220,Yadavrao Tasgaonkar College of Engineering & Management,322092110,Artificial Intelligence and Machine Learning,GOPENH,90290,71.4755245,Below 80,CAP Round I,2025
3221,"Vishnu Waman Thakur Charitable Trust's VIVA Institute of Technology, Virar",322119110,Civil Engineering,GOPENH,125856,55.9381337,Below 80,CAP Round I,2025
3221,"Vishnu Waman Thakur Charitable Trust's VIVA Institute of Technology, Virar",322124510,Computer Engineering,GOPENH,58550,82.3322294,80-89.99,CAP Round I,2025
3221,"Vishnu Waman Thakur Charitable Trust's VIVA Institute of Technology, Virar",322137210,Electronics and Telecommunication Engg,GOPENH,89271,71.5830116,Below 80,CAP Round I,2025
3221,"Vishnu Waman Thakur Charitable Trust's VIVA Institute of Technology, Virar",322161210,Mechanical Engineering,GOPENH,120862,58.4401523,Below 80,CAP Round I,2025
3221,"Vishnu Waman Thakur Charitable Trust's VIVA Institute of Technology, Virar",322191110,Computer Science and Engineering(Artificial Intelligence and Machine Learning),GOPENH,72711,77.5384615,Below 80,CAP Round I,2025
3221,"Vishnu Waman Thakur Charitable Trust's VIVA Institute of Technology, Virar",322192610,Electrical and Computer Engineering,GOPENH,98255,68.2382408,Below 80,CAP Round I,2025
3222,"Haji Jamaluddin Thim Trust's Theem College of Engineering, At. Villege Betegaon, Boisar",322219110,Civil Engineering,GOPENH,196297,8.7118703,Below 80,CAP Round I,2025
3222,"Haji Jamaluddin Thim Trust's Theem College of Engineering, At. Villege Betegaon, Boisar",322224510,Computer Engineering,GOPENH,77466,75.6538462,Below 80,CAP Round I,2025
3222,"Haji Jamaluddin Thim Trust's Theem College of Engineering, At. Villege Betegaon, Boisar",322224610,Information Technology,GOPENH,109653,63.3986014,Below 80,CAP Round I,2025
3222,"Haji Jamaluddin Thim Trust's Theem College of Engineering, At. Villege Betegaon, Boisar",322229310,Electrical Engineering,GOPENH,141306,47.8905633,Below 80,CAP Round I,2025
3222,"Haji Jamaluddin Thim Trust's Theem College of Engineering, At. Villege Betegaon, Boisar",322260210,Automobile Engineering,GOPENH,195532,9.5951969,Below 80,CAP Round I,2025
3222,"Haji Jamaluddin Thim Trust's Theem College of Engineering, At. Villege Betegaon, Boisar",322261210,Mechanical Engineering,GOPENH,180514,22.3617813,Below 80,CAP Round I,2025
3222,"Haji Jamaluddin Thim Trust's Theem College of Engineering, At. Villege Betegaon, Boisar",322291110,Computer Science and Engineering(Artificial Intelligence and Machine Learning),GOPENH,117208,60.2517483,Below 80,CAP Round I,2025
3223,"Mahatma Education Society's Pillai HOC College of Engineering & Technology, Tal. Khalapur. Dist. Raigad",322319110,Civil Engineering,GOPENS,110587,63.200058,Below 80,CAP Round I,2025
3223,"Mahatma Education Society's Pillai HOC College of Engineering & Technology, Tal. Khalapur. Dist. Raigad",322324510,Computer Engineering,GOPENS,56251,83.0707711,80-89.99,CAP Round I,2025
3223,"Mahatma Education Society's Pillai HOC College of Engineering & Technology, Tal. Khalapur. Dist. Raigad",322324610,Information Technology,GOPENS,63269,80.8599071,80-89.99,CAP Round I,2025
3223,"Mahatma Education Society's Pillai HOC College of Engineering & Technology, Tal. Khalapur. Dist. Raigad",322361210,Mechanical Engineering,GOPENS,103752,65.8992965,Below 80,CAP Round I,2025
3223,"Mahatma Education Society's Pillai HOC College of Engineering & Technology, Tal. Khalapur. Dist. Raigad",322390010,Electronics and Computer Science,GOPENS,69068,78.6729363,Below 80,CAP Round I,2025
3223,"Mahatma Education Society's Pillai HOC College of Engineering & Technology, Tal. Khalapur. Dist. Raigad",322392610,Electrical and Computer Engineering,GOPENS,84983,73.4354379,Below 80,CAP Round I,2025
3223,"Mahatma Education Society's Pillai HOC College of Engineering & Technology, Tal. Khalapur. Dist. Raigad",322399510,Artificial Intelligence and Data Science,GOPENS,46440,86.2041018,80-89.99,CAP Round I,2025
3224,"Leela Education Society, G.V. Acharya Institute of Engineering and Technology, Shelu, Karjat",322419110,Civil Engineering,GOPENH,198958,5.9918095,Below 80,CAP Round I,2025
3224,"Leela Education Society, G.V. Acharya Institute of Engineering and Technology, Shelu, Karjat",322424510,Computer Engineering,GOPENH,83668,73.6328536,Below 80,CAP Round I,2025
3224,"Leela Education Society, G.V. Acharya Institute of Engineering and Technology, Shelu, Karjat",322456810,Computer Science and Information Technology,GOPENH,110917,62.918458,Below 80,CAP Round I,2025
3224,"Leela Education Society, G.V. Acharya Institute of Engineering and Technology, Shelu, Karjat",322461210,Mechanical Engineering,GOPENH,200551,4.1433524,Below 80,CAP Round I,2025
3224,"Leela Education Society, G.V. Acharya Institute of Engineering and Technology, Shelu, Karjat",322491110,Computer Science and Engineering(Artificial Intelligence and Machine Learning),GOPENH,97159,68.4887011,Below 80,CAP Round I,2025
3224,"Leela Education Society, G.V. Acharya Institute of Engineering and Technology, Shelu, Karjat",322492010,Computer Science and Engineering (Internet of Things and Cyber Security Including Block Chain,GOPENH,118066,59.9607019,Below 80,CAP Round I,2025
3257,"Vidya Prasarak Mandal's College of Engineering, Thane",325724510,Computer Engineering,GOPENH,45722,86.3869833,80-89.99,CAP Round I,2025
3257,"Vidya Prasarak Mandal's College of Engineering, Thane",325724610,Information Technology,GOPENH,53035,84.0903324,80-89.99,CAP Round I,2025
3257,"Vidya Prasarak Mandal's College of Engineering, Thane",325729310,Electrical Engineering,GOPENH,97241,68.4887011,Below 80,CAP Round I,2025
3257,"Vidya Prasarak Mandal's College of Engineering, Thane",325737210,Electronics and Telecommunication Engg,GOPENH,73088,77.2287062,Below 80,CAP Round I,2025
3257,"Vidya Prasarak Mandal's College of Engineering, Thane",325791610,Automation and Robotics,GOPENH,83706,73.6328536,Below 80,CAP Round I,2025
3277,Pravin Rohidas Patil College of Engineering & Technology,327724510,Computer Engineering,GOPENH,63564,80.7807182,80-89.99,CAP Round I,2025
3277,Pravin Rohidas Patil College of Engineering & Technology,327724610,Information Technology,GOPENH,63609,80.7175218,80-89.99,CAP Round I,2025
3277,Pravin Rohidas Patil College of Engineering & Technology,327735610,Electrical Engg[Electronics and Power],GOPENH,143794,47.0502678,Below 80,CAP Round I,2025
3277,Pravin Rohidas Patil College of Engineering & Technology,327761510,Mechanical & Automation Engineering,GOPENH,98041,68.3753318,Below 80,CAP Round I,2025
3277,Pravin Rohidas Patil College of Engineering & Technology,327793410,Civil Engineering and Planning,GOPENH,142887,47.1398578,Below 80,CAP Round I,2025
3277,Pravin Rohidas Patil College of Engineering & Technology,327793510,Electronics and Biomedical Engineering,GOPENH,136323,50.7016833,Below 80,CAP Round I,2025
3351,"Bharat College of Engineering, Kanhor, Badlapur(W)",335119110,Civil Engineering,GOPENH,150952,43.031473,Below 80,CAP Round I,2025
3351,"Bharat College of Engineering, Kanhor, Badlapur(W)",335124510,Computer Engineering,GOPENH,73002,77.2287062,Below 80,CAP Round I,2025
3351,"Bharat College of Engineering, Kanhor, Badlapur(W)",335156810,Computer Science and Information Technology,GOPENH,115016,60.9090909,Below 80,CAP Round I,2025
3351,"Bharat College of Engineering, Kanhor, Badlapur(W)",335161210,Mechanical Engineering,GOPENH,171785,28.984931,Below 80,CAP Round I,2025
3351,"Bharat College of Engineering, Kanhor, Badlapur(W)",335191110,Computer Science and Engineering(Artificial Intelligence and Machine Learning),GOPENH,81177,74.6802716,Below 80,CAP Round I,2025
3351,"Bharat College of Engineering, Kanhor, Badlapur(W)",335191210,Computer Science and Engineering(Data Science),GOPENH,105095,65.5190641,Below 80,CAP Round I,2025
3353,"Dilkap Research Institute Of Engineering and Management Studies, At.Mamdapur, Post- Neral, Tal- Karjat, Mumbai",335319110,Civil Engineering,GOPENH,187856,16.5215865,Below 80,CAP Round I,2025
3353,"Dilkap Research Institute Of Engineering and Management Studies, At.Mamdapur, Post- Neral, Tal- Karjat, Mumbai",335324510,Computer Engineering,GOPENH,112436,62.1365556,Below 80,CAP Round I,2025
3353,"Dilkap Research Institute Of Engineering and Management Studies, At.Mamdapur, Post- Neral, Tal- Karjat, Mumbai",335324610,Information Technology,GOPENH,94565,69.4936445,Below 80,CAP Round I,2025
3353,"Dilkap Research Institute Of Engineering and Management Studies, At.Mamdapur, Post- Neral, Tal- Karjat, Mumbai",335329310,Electrical Engineering,GOPENH,165885,32.6791073,Below 80,CAP Round I,2025
3353,"Dilkap Research Institute Of Engineering and Management Studies, At.Mamdapur, Post- Neral, Tal- Karjat, Mumbai",335361210,Mechanical Engineering,GOPENH,197257,7.8234926,Below 80,CAP Round I,2025
3353,"Dilkap Research Institute Of Engineering and Management Studies, At.Mamdapur, Post- Neral, Tal- Karjat, Mumbai",335392010,Computer Science and Engineering (Internet of Things and Cyber Security Including Block Chain,GOPENH,125873,55.9381337,Below 80,CAP Round I,2025
3353,"Dilkap Research Institute Of Engineering and Management Studies, At.Mamdapur, Post- Neral, Tal- Karjat, Mumbai",335392110,Artificial Intelligence and Machine Learning,GOPENH,100344,67.217709,Below 80,CAP Round I,2025
3423,"Shree L.R. Tiwari College of Engineering, Mira Road, Mumbai",342324510,Computer Engineering,GOPENS,45707,86.3869833,80-89.99,CAP Round I,2025
3423,"Shree L.R. Tiwari College of Engineering, Mira Road, Mumbai",342324610,Information Technology,GOPENS,57415,82.777662,80-89.99,CAP Round I,2025
3423,"Shree L.R. Tiwari College of Engineering, Mira Road, Mumbai",342325810,Civil Engineering with Computer Application,GOPENS,90386,71.4755245,Below 80,CAP Round I,2025
3423,"Shree L.R. Tiwari College of Engineering, Mira Road, Mumbai",342337210,Electronics and Telecommunication Engg,GOPENS,71584,78.2396759,Below 80,CAP Round I,2025
3423,"Shree L.R. Tiwari College of Engineering, Mira Road, Mumbai",342361210,Mechanical Engineering,GOPENS,72909,77.2287062,Below 80,CAP Round I,2025
3423,"Shree L.R. Tiwari College of Engineering, Mira Road, Mumbai",342390010,Electronics and Computer Science,GOPENS,70233,78.5512207,Below 80,CAP Round I,2025
3436,"B.R. Harne College of Engineering & Technology, Karav, Tal-Ambernath.",343619110,Civil Engineering,GOPENH,202107,2.3750793,Below 80,CAP Round I,2025
3436,"B.R. Harne College of Engineering & Technology, Karav, Tal-Ambernath.",343624510,Computer Engineering,GOPENH,96114,69.0979021,Below 80,CAP Round I,2025
3436,"B.R. Harne College of Engineering & Technology, Karav, Tal-Ambernath.",343624610,Information Technology,GOPENH,116021,60.4378874,Below 80,CAP Round I,2025
3436,"B.R. Harne College of Engineering & Technology, Karav, Tal-Ambernath.",343629310,Electrical Engineering,GOPENH,191550,13.2717448,Below 80,CAP Round I,2025
3436,"B.R. Harne College of Engineering & Technology, Karav, Tal-Ambernath.",343661210,Mechanical Engineering,GOPENH,203037,1.0830948,Below 80,CAP Round I,2025
3436,"B.R. Harne College of Engineering & Technology, Karav, Tal-Ambernath.",343690010,Electronics and Computer Science,GOPENH,154837,40.0432529,Below 80,CAP Round I,2025
3436,"B.R. Harne College of Engineering & Technology, Karav, Tal-Ambernath.",343691110,Computer Science and Engineering(Artificial Intelligence and Machine Learning),GOPENH,104217,65.8462319,Below 80,CAP Round I,2025
3439,"Anjuman-I-Islam's Kalsekar Technical Campus, Panvel",343919110,Civil Engineering,GOPENS,185201,18.9335664,Below 80,CAP Round I,2025
3439,"Anjuman-I-Islam's Kalsekar Technical Campus, Panvel",343924510,Computer Engineering,GOPENS,84636,73.4722277,Below 80,CAP Round I,2025
3439,"Anjuman-I-Islam's Kalsekar Technical Campus, Panvel",343961210,Mechanical Engineering,GOPENS,170377,29.5314685,Below 80,CAP Round I,2025
3439,"Anjuman-I-Islam's Kalsekar Technical Campus, Panvel",343990010,Electronics and Computer Science,GOPENS,110718,63.200058,Below 80,CAP Round I,2025
3439,"Anjuman-I-Islam's Kalsekar Technical Campus, Panvel",343991110,Computer Science and Engineering(Artificial Intelligence and Machine Learning),GOPENS,91224,71.0971787,Below 80,CAP Round I,2025
3439,"Anjuman-I-Islam's Kalsekar Technical Campus, Panvel",343991210,Computer Science and Engineering(Data Science),GOPENS,101456,66.9039004,Below 80,CAP Round I,2025
3439,"Anjuman-I-Islam's Kalsekar Technical Campus, Panvel",343992610,Electrical and Computer Engineering,GOPENS,136956,50.5909012,Below 80,CAP Round I,2025
3440,"Metropolitan Institute of Technology & Management, Sukhalwad, Sindhudurg.",344019110,Civil Engineering,GOPENH,197680,7.2413793,Below 80,CAP Round I,2025
3440,"Metropolitan Institute of Technology & Management, Sukhalwad, Sindhudurg.",344024510,Computer Engineering,GOPENH,145856,45.9245973,Below 80,CAP Round I,2025
3440,"Metropolitan Institute of Technology & Management, Sukhalwad, Sindhudurg.",344037210,Electronics and Telecommunication Engg,GOPENH,123967,57.0133407,Below 80,CAP Round I,2025
3440,"Metropolitan Institute of Technology & Management, Sukhalwad, Sindhudurg.",344061210,Mechanical Engineering,GOPENH,198294,6.54341,Below 80,CAP Round I,2025
3445,"Vishwatmak Jangli Maharaj Ashram Trust (Kokamthan), Atma Malik Institute Of Technology & Research",344519110,Civil Engineering,GOPENH,184237,19.4484962,Below 80,CAP Round I,2025
3445,"Vishwatmak Jangli Maharaj Ashram Trust (Kokamthan), Atma Malik Institute Of Technology & Research",344524510,Computer Engineering,GOPENH,124022,57.0133407,Below 80,CAP Round I,2025
3445,"Vishwatmak Jangli Maharaj Ashram Trust (Kokamthan), Atma Malik Institute Of Technology & Research",344537210,Electronics and Telecommunication Engg,GOPENH,188836,15.820115,Below 80,CAP Round I,2025
3445,"Vishwatmak Jangli Maharaj Ashram Trust (Kokamthan), Atma Malik Institute Of Technology & Research",344561210,Mechanical Engineering,GOPENH,200154,4.5300548,Below 80,CAP Round I,2025
3445,"Vishwatmak Jangli Maharaj Ashram Trust (Kokamthan), Atma Malik Institute Of Technology & Research",344592010,Computer Science and Engineering (Internet of Things and Cyber Security Including Block Chain,GOPENH,122360,57.6249683,Below 80,CAP Round I,2025
3445,"Vishwatmak Jangli Maharaj Ashram Trust (Kokamthan), Atma Malik Institute Of Technology & Research",344592110,Artificial Intelligence and Machine Learning,GOPENH,101134,66.9498069,Below 80,CAP Round I,2025
3447,"G.M.Vedak Institute of Technology, Tala, Raigad.",344719110,Civil Engineering,GOPENH,202730,1.5108743,Below 80,CAP Round I,2025
3447,"G.M.Vedak Institute of Technology, Tala, Raigad.",344724510,Computer Engineering,GOPENH,156128,39.6653303,Below 80,CAP Round I,2025
3447,"G.M.Vedak Institute of Technology, Tala, Raigad.",344761210,Mechanical Engineering,GOPENH,193727,11.1328671,Below 80,CAP Round I,2025
3462,"VPM's Maharshi Parshuram College of Engineering, Velneshwar, Ratnagiri.",346219110,Civil Engineering,GOPENH,173051,28.4151863,Below 80,CAP Round I,2025
3462,"VPM's Maharshi Parshuram College of Engineering, Velneshwar, Ratnagiri.",346224510,Computer Engineering,GOPENH,111608,62.8632493,Below 80,CAP Round I,2025
3462,"VPM's Maharshi Parshuram College of Engineering, Velneshwar, Ratnagiri.",346229310,Electrical Engineering,GOPENH,198043,7.1251441,Below 80,CAP Round I,2025
3462,"VPM's Maharshi Parshuram College of Engineering, Velneshwar, Ratnagiri.",346246610,Instrumentation Engineering,GOPENH,130850,53.6771201,Below 80,CAP Round I,2025
3462,"VPM's Maharshi Parshuram College of Engineering, Velneshwar, Ratnagiri.",346261210,Mechanical Engineering,GOPENH,185995,18.4184219,Below 80,CAP Round I,2025
3462,"VPM's Maharshi Parshuram College of Engineering, Velneshwar, Ratnagiri.",346284410,Electronics and Computer Engineering,GOPENH,150804,43.031473,Below 80,CAP Round I,2025
3465,"Ideal Institute of Technology, Wada, Dist.Thane",346519110,Civil Engineering,GOPENH,199525,5.3139267,Below 80,CAP Round I,2025
3465,"Ideal Institute of Technology, Wada, Dist.Thane",346524210,Computer Science and Engineering,GOPENH,82588,73.8000589,Below 80,CAP Round I,2025
3465,"Ideal Institute of Technology, Wada, Dist.Thane",346561210,Mechanical Engineering,GOPENH,187166,17.2365618,Below 80,CAP Round I,2025
3465,"Ideal Institute of Technology, Wada, Dist.Thane",346592110,Artificial Intelligence and Machine Learning,GOPENH,102093,66.3866132,Below 80,CAP Round I,2025
3465,"Ideal Institute of Technology, Wada, Dist.Thane",346599510,Artificial Intelligence and Data Science,GOPENH,82650,73.8000589,Below 80,CAP Round I,2025
3467,"Vishwaniketan's Institute of Management Entrepreneurship and Engineering Technology(i MEET), Khalapur Dist Raigad",346719110,Civil Engineering,GOPENH,174248,28.1994074,Below 80,CAP Round I,2025
3467,"Vishwaniketan's Institute of Management Entrepreneurship and Engineering Technology(i MEET), Khalapur Dist Raigad",346724510,Computer Engineering,GOPENH,87320,72.1363369,Below 80,CAP Round I,2025
3467,"Vishwaniketan's Institute of Management Entrepreneurship and Engineering Technology(i MEET), Khalapur Dist Raigad",346729310,Electrical Engineering,GOPENH,193606,11.1969965,Below 80,CAP Round I,2025
3467,"Vishwaniketan's Institute of Management Entrepreneurship and Engineering Technology(i MEET), Khalapur Dist Raigad",346737210,Electronics and Telecommunication Engg,GOPENH,132029,53.2228937,Below 80,CAP Round I,2025
3467,"Vishwaniketan's Institute of Management Entrepreneurship and Engineering Technology(i MEET), Khalapur Dist Raigad",346761210,Mechanical Engineering,GOPENH,164526,34.896751,Below 80,CAP Round I,2025
3467,"Vishwaniketan's Institute of Management Entrepreneurship and Engineering Technology(i MEET), Khalapur Dist Raigad",346791110,Computer Science and Engineering(Artificial Intelligence and Machine Learning),GOPENH,105139,65.5190641,Below 80,CAP Round I,2025
3470,YASHWANTRAO BHONSALE INSTITUTE OF TECHNOLOGY,347024210,Computer Science and Engineering,GOPENH,69517,78.6137148,Below 80,CAP Round I,2025
3470,YASHWANTRAO BHONSALE INSTITUTE OF TECHNOLOGY,347024510,Computer Engineering,GOPENH,126220,55.6405756,Below 80,CAP Round I,2025
3470,YASHWANTRAO BHONSALE INSTITUTE OF TECHNOLOGY,347029310,Electrical Engineering,GOPENH,161607,36.0836122,Below 80,CAP Round I,2025
3470,YASHWANTRAO BHONSALE INSTITUTE OF TECHNOLOGY,347061210,Mechanical Engineering,GOPENH,175480,25.968356,Below 80,CAP Round I,2025
3471,"New Horizon Institute of Technology & Management, Thane",347119110,Civil Engineering,GOPENH,109281,63.4714222,Below 80,CAP Round I,2025
3471,"New Horizon Institute of Technology & Management, Thane",347124510,Computer Engineering,GOPENH,49306,85.2053352,80-89.99,CAP Round I,2025
3471,"New Horizon Institute of Technology & Management, Thane",347124610,Information Technology,GOPENH,53618,83.9020979,80-89.99,CAP Round I,2025
3471,"New Horizon Institute of Technology & Management, Thane",347125710,Computer Science and Design,GOPENH,60460,81.6453226,80-89.99,CAP Round I,2025
3471,"New Horizon Institute of Technology & Management, Thane",347161210,Mechanical Engineering,GOPENH,82385,74.0094972,Below 80,CAP Round I,2025
3471,"New Horizon Institute of Technology & Management, Thane",347162410,Mechatronics Engineering,GOPENH,80410,75.1716925,Below 80,CAP Round I,2025
3471,"New Horizon Institute of Technology & Management, Thane",347199510,Artificial Intelligence and Data Science,GOPENH,51445,84.621564,80-89.99,CAP Round I,2025
3475,"A. P. Shah Institute of Technology, Thane",347519110,Civil Engineering,GOPENH,53520,83.9020979,80-89.99,CAP Round I,2025
3475,"A. P. Shah Institute of Technology, Thane",347524510,Computer Engineering,GOPENH,30579,91.051072,90-94.99,CAP Round I,2025
3475,"A. P. Shah Institute of Technology, Thane",347524610,Information Technology,GOPENH,39571,88.2544975,80-89.99,CAP Round I,2025
3475,"A. P. Shah Institute of Technology, Thane",347561210,Mechanical Engineering,GOPENH,59191,82.1319232,80-89.99,CAP Round I,2025
3475,"A. P. Shah Institute of Technology, Thane",347591110,Computer Science and Engineering(Artificial Intelligence and Machine Learning),GOPENH,38978,88.5372351,80-89.99,CAP Round I,2025
3475,"A. P. Shah Institute of Technology, Thane",347591210,Computer Science and Engineering(Data Science),GOPENH,39994,88.1719651,80-89.99,CAP Round I,2025
3477,"Chhartrapati Shivaji Maharaj Institute of Technology, Shedung, Panvel",347719110,Civil Engineering,GOPENH,140651,48.5587427,Below 80,CAP Round I,2025
3477,"Chhartrapati Shivaji Maharaj Institute of Technology, Shedung, Panvel",347724510,Computer Engineering,GOPENH,57878,82.4521073,80-89.99,CAP Round I,2025
3477,"Chhartrapati Shivaji Maharaj Institute of Technology, Shedung, Panvel",347761210,Mechanical Engineering,GOPENH,135561,50.9683037,Below 80,CAP Round I,2025
3477,"Chhartrapati Shivaji Maharaj Institute of Technology, Shedung, Panvel",347792110,Artificial Intelligence and Machine Learning,GOPENH,71548,78.2396759,Below 80,CAP Round I,2025
3503,"Indala College Of Engineering, Bapsai Tal.Kalyan",350319110,Civil Engineering,GOPENH,202951,1.1852885,Below 80,CAP Round I,2025
3503,"Indala College Of Engineering, Bapsai Tal.Kalyan",350324510,Computer Engineering,GOPENH,76874,76.2716859,Below 80,CAP Round I,2025
3503,"Indala College Of Engineering, Bapsai Tal.Kalyan",350324610,Information Technology,GOPENH,100694,67.1459332,Below 80,CAP Round I,2025
3503,"Indala College Of Engineering, Bapsai Tal.Kalyan",350326310,Artificial Intelligence (AI) and Data Science,GOPENH,70411,78.4342571,Below 80,CAP Round I,2025
3503,"Indala College Of Engineering, Bapsai Tal.Kalyan",350329310,Electrical Engineering,GOPENH,162130,35.9295868,Below 80,CAP Round I,2025
3503,"Indala College Of Engineering, Bapsai Tal.Kalyan",350361210,Mechanical Engineering,GOPENH,202450,1.8591977,Below 80,CAP Round I,2025
3546,Devi Mahalaxmi College of Engineering and Technology,354619110,Civil Engineering,GOPENH,202829,1.3373113,Below 80,CAP Round I,2025
3546,Devi Mahalaxmi College of Engineering and Technology,354624510,Computer Engineering,GOPENH,96479,68.9620341,Below 80,CAP Round I,2025
3546,Devi Mahalaxmi College of Engineering and Technology,354629310,Electrical Engineering,GOPENH,93361,70.2033567,Below 80,CAP Round I,2025
3546,Devi Mahalaxmi College of Engineering and Technology,354661210,Mechanical Engineering,GOPENH,188351,16.1743072,Below 80,CAP Round I,2025
3546,Devi Mahalaxmi College of Engineering and Technology,354691110,Computer Science and Engineering(Artificial Intelligence and Machine Learning),GOPENH,104071,65.8462319,Below 80,CAP Round I,2025
3723,Navjeevan Education Society's College of Engineering,372324210,Computer Science and Engineering,GOPENH,113371,61.796967,Below 80,CAP Round I,2025
3723,Navjeevan Education Society's College of Engineering,372324510,Computer Engineering,GOPENH,97762,68.3753318,Below 80,CAP Round I,2025
3723,Navjeevan Education Society's College of Engineering,372324610,Information Technology,GOPENH,134156,51.7009371,Below 80,CAP Round I,2025
3723,Navjeevan Education Society's College of Engineering,372329310,Electrical Engineering,GOPENH,173917,28.2789485,Below 80,CAP Round I,2025
3723,Navjeevan Education Society's College of Engineering,372337210,Electronics and Telecommunication Engg,GOPENH,154636,40.0432529,Below 80,CAP Round I,2025
3723,Navjeevan Education Society's College of Engineering,372399510,Artificial Intelligence and Data Science,GOPENH,93522,69.8941051,Below 80,CAP Round I,2025
3724,Thakur Shree DPS College of Engineering & Management,372424510,Computer Engineering,GOPENH,53921,83.7934335,80-89.99,CAP Round I,2025
3724,Thakur Shree DPS College of Engineering & Management,372424610,Information Technology,GOPENH,63127,80.9669596,80-89.99,CAP Round I,2025
3724,Thakur Shree DPS College of Engineering & Management,372490010,Electronics and Computer Science,GOPENH,73693,77.1296846,Below 80,CAP Round I,2025
3724,Thakur Shree DPS College of Engineering & Management,372499510,Artificial Intelligence and Data Science,GOPENH,38519,88.6282029,80-89.99,CAP Round I,2025
3725,"MAEER's Maharashtra Institute of Technology, Thane",372524210,Computer Science and Engineering,GOPENH,37190,89.0414266,80-89.99,CAP Round I,2025
3725,"MAEER's Maharashtra Institute of Technology, Thane",372524610,Information Technology,GOPENH,54371,83.7239356,80-89.99,CAP Round I,2025
3725,"MAEER's Maharashtra Institute of Technology, Thane",372537610,Electronics Engineering,GOPENH,83071,73.7482517,Below 80,CAP Round I,2025
3725,"MAEER's Maharashtra Institute of Technology, Thane",372591110,Computer Science and Engineering(Artificial Intelligence and Machine Learning),GOPENH,40061,88.1387307,80-89.99,CAP Round I,2025
3726,Imperial College of Engineering,372624510,Computer Engineering,GOPENH,127486,55.2744499,Below 80,CAP Round I,2025
3726,Imperial College of Engineering,372624610,Information Technology,GOPENH,158857,38.2479385,Below 80,CAP Round I,2025
3726,Imperial College of Engineering,372637210,Electronics and Telecommunication Engg,GOPENH,202412,1.9170661,Below 80,CAP Round I,2025
3726,Imperial College of Engineering,372699510,Artificial Intelligence and Data Science,GOPENH,108960,63.5767823,Below 80,CAP Round I,2025
4004,"Government College of Engineering, Chandrapur",400419110,Civil Engineering,GOPENH,109735,63.3986014,Below 80,CAP Round I,2025
4004,"Government College of Engineering, Chandrapur",400424210,Computer Science and Engineering,GOPENH,49686,85.113912,80-89.99,CAP Round I,2025
4004,"Government College of Engineering, Chandrapur",400429310,Electrical Engineering,GOPENH,95641,69.2179237,Below 80,CAP Round I,2025
4004,"Government College of Engineering, Chandrapur",400437210,Electronics and Telecommunication Engg,GOPENH,95911,69.0979021,Below 80,CAP Round I,2025
4004,"Government College of Engineering, Chandrapur",400446610,Instrumentation Engineering,GOPENH,157588,39.2328654,Below 80,CAP Round I,2025
4004,"Government College of Engineering, Chandrapur",400461210,Mechanical Engineering,GOPENH,119402,58.8994542,Below 80,CAP Round I,2025
4025,"Government College of Engineering, Nagpur",402519110,Civil Engineering,GOPENH,46491,86.2041018,80-89.99,CAP Round I,2025
4025,"Government College of Engineering, Nagpur",402529310,Electrical Engineering,GOPENH,29159,91.4450061,90-94.99,CAP Round I,2025
4025,"Government College of Engineering, Nagpur",402537210,Electronics and Telecommunication Engg,GOPENH,21931,93.6678322,90-94.99,CAP Round I,2025
4025,"Government College of Engineering, Nagpur",402561210,Mechanical Engineering,GOPENH,41106,87.9159305,80-89.99,CAP Round I,2025
4104,"Kavi Kulguru Institute of Technology & Science, Ramtek",410419110,Civil Engineering,GOPENS,144448,46.6242967,Below 80,CAP Round I,2025
4104,"Kavi Kulguru Institute of Technology & Science, Ramtek",410424610,Information Technology,GOPENS,83798,73.6159498,Below 80,CAP Round I,2025
4104,"Kavi Kulguru Institute of Technology & Science, Ramtek",410425110,Computer Technology,GOPENS,91364,70.7504568,Below 80,CAP Round I,2025
4104,"Kavi Kulguru Institute of Technology & Science, Ramtek",410429310,Electrical Engineering,GOPENS,131608,53.2657343,Below 80,CAP Round I,2025
4104,"Kavi Kulguru Institute of Technology & Science, Ramtek",410437010,Electronics and Communication Engineering,GOPENS,117666,60.2517483,Below 80,CAP Round I,2025
4104,"Kavi Kulguru Institute of Technology & Science, Ramtek",410461210,Mechanical Engineering,GOPENS,147403,44.5303298,Below 80,CAP Round I,2025
4104,"Kavi Kulguru Institute of Technology & Science, Ramtek",410490010,Electronics and Computer Science,GOPENS,111925,62.1412608,Below 80,CAP Round I,2025
4104,"Kavi Kulguru Institute of Technology & Science, Ramtek",410491110,Computer Science and Engineering(Artificial Intelligence and Machine Learning),GOPENS,64584,80.3575863,80-89.99,CAP Round I,2025
4116,"Ankush Shikshan Sanstha's G.H.Raisoni College of Engineering, Nagpur",411619110,Civil Engineering,GOPENS,94041,69.8498837,Below 80,CAP Round I,2025
4116,"Ankush Shikshan Sanstha's G.H.Raisoni College of Engineering, Nagpur",411624210,Computer Science and Engineering,GOPENS,31150,90.8833776,90-94.99,CAP Round I,2025
4116,"Ankush Shikshan Sanstha's G.H.Raisoni College of Engineering, Nagpur",411624610,Information Technology,GOPENS,38908,88.5372351,80-89.99,CAP Round I,2025
4116,"Ankush Shikshan Sanstha's G.H.Raisoni College of Engineering, Nagpur",411626010,Computer Science and Engineering (Cyber Security),GOPENS,45417,86.5435447,80-89.99,CAP Round I,2025
4116,"Ankush Shikshan Sanstha's G.H.Raisoni College of Engineering, Nagpur",411626710,Computer Science and Engineering (IoT),GOPENS,46797,85.977536,80-89.99,CAP Round I,2025
4116,"Ankush Shikshan Sanstha's G.H.Raisoni College of Engineering, Nagpur",411629310,Electrical Engineering,GOPENS,78346,75.4880541,Below 80,CAP Round I,2025
4116,"Ankush Shikshan Sanstha's G.H.Raisoni College of Engineering, Nagpur",411637210,Electronics and Telecommunication Engg,GOPENS,47515,85.8824755,80-89.99,CAP Round I,2025
4116,"Ankush Shikshan Sanstha's G.H.Raisoni College of Engineering, Nagpur",411637610,Electronics Engineering,GOPENS,65919,79.9072027,Below 80,CAP Round I,2025
4116,"Ankush Shikshan Sanstha's G.H.Raisoni College of Engineering, Nagpur",411661210,Mechanical Engineering,GOPENS,86391,72.7429418,Below 80,CAP Round I,2025
4116,"Ankush Shikshan Sanstha's G.H.Raisoni College of Engineering, Nagpur",411691110,Computer Science and Engineering(Artificial Intelligence and Machine Learning),GOPENS,39573,88.2544975,80-89.99,CAP Round I,2025
4116,"Ankush Shikshan Sanstha's G.H.Raisoni College of Engineering, Nagpur",411691310,Computer Science and Engineering (Artificial Intelligence),GOPENS,42929,87.3029561,80-89.99,CAP Round I,2025
4116,"Ankush Shikshan Sanstha's G.H.Raisoni College of Engineering, Nagpur",411691710,Data Science,GOPENS,45641,86.4120225,80-89.99,CAP Round I,2025
4116,"Ankush Shikshan Sanstha's G.H.Raisoni College of Engineering, Nagpur",411699710,Artificial Intelligence,GOPENS,45100,86.6718198,80-89.99,CAP Round I,2025
4118,"Bapurao Deshmukh College of Engineering, Sevagram",411819110,Civil Engineering,GOPENH,186123,18.1456181,Below 80,CAP Round I,2025
4118,"Bapurao Deshmukh College of Engineering, Sevagram",411824510,Computer Engineering,GOPENH,138714,49.6043895,Below 80,CAP Round I,2025
4118,"Bapurao Deshmukh College of Engineering, Sevagram",411829310,Electrical Engineering,GOPENH,172732,28.6767287,Below 80,CAP Round I,2025
4118,"Bapurao Deshmukh College of Engineering, Sevagram",411837210,Electronics and Telecommunication Engg,GOPENH,161553,36.0836122,Below 80,CAP Round I,2025
4118,"Bapurao Deshmukh College of Engineering, Sevagram",411861210,Mechanical Engineering,GOPENH,172828,28.6767287,Below 80,CAP Round I,2025
4123,"Lokmanya Tilak Jankalyan Shikshan Sanstha, Priyadarshani College of Engineering, Nagpur",412300210,Aeronautical Engineering,GOPENS,70879,78.3357644,Below 80,CAP Round I,2025
4123,"Lokmanya Tilak Jankalyan Shikshan Sanstha, Priyadarshani College of Engineering, Nagpur",412308210,Bio Technology,GOPENS,16463,95.6084463,95-98.99,CAP Round I,2025
4123,"Lokmanya Tilak Jankalyan Shikshan Sanstha, Priyadarshani College of Engineering, Nagpur",412319110,Civil Engineering,GOPENS,107621,64.2631037,Below 80,CAP Round I,2025
4123,"Lokmanya Tilak Jankalyan Shikshan Sanstha, Priyadarshani College of Engineering, Nagpur",412324210,Computer Science and Engineering,GOPENS,45312,86.552754,80-89.99,CAP Round I,2025
4123,"Lokmanya Tilak Jankalyan Shikshan Sanstha, Priyadarshani College of Engineering, Nagpur",412324610,Information Technology,GOPENS,51942,84.4950314,80-89.99,CAP Round I,2025
4123,"Lokmanya Tilak Jankalyan Shikshan Sanstha, Priyadarshani College of Engineering, Nagpur",412325110,Computer Technology,GOPENS,57152,82.837277,80-89.99,CAP Round I,2025
4123,"Lokmanya Tilak Jankalyan Shikshan Sanstha, Priyadarshani College of Engineering, Nagpur",412326510,Industrial IoT,GOPENS,75818,76.7635852,Below 80,CAP Round I,2025
4123,"Lokmanya Tilak Jankalyan Shikshan Sanstha, Priyadarshani College of Engineering, Nagpur",412326610,Robotics and Artificial Intelligence,GOPENS,57465,82.777662,80-89.99,CAP Round I,2025
4123,"Lokmanya Tilak Jankalyan Shikshan Sanstha, Priyadarshani College of Engineering, Nagpur",412329310,Electrical Engineering,GOPENS,93203,70.2033567,Below 80,CAP Round I,2025
4123,"Lokmanya Tilak Jankalyan Shikshan Sanstha, Priyadarshani College of Engineering, Nagpur",412337010,Electronics and Communication Engineering,GOPENS,78420,75.4880541,Below 80,CAP Round I,2025
4123,"Lokmanya Tilak Jankalyan Shikshan Sanstha, Priyadarshani College of Engineering, Nagpur",412337210,Electronics and Telecommunication Engg,GOPENS,67372,79.6033896,Below 80,CAP Round I,2025
4123,"Lokmanya Tilak Jankalyan Shikshan Sanstha, Priyadarshani College of Engineering, Nagpur",412350710,Chemical Engineering,GOPENS,74764,76.9213781,Below 80,CAP Round I,2025
4123,"Lokmanya Tilak Jankalyan Shikshan Sanstha, Priyadarshani College of Engineering, Nagpur",412361210,Mechanical Engineering,GOPENS,105899,65.3084343,Below 80,CAP Round I,2025
4123,"Lokmanya Tilak Jankalyan Shikshan Sanstha, Priyadarshani College of Engineering, Nagpur",412399510,Artificial Intelligence and Data Science,GOPENS,52835,84.1131441,80-89.99,CAP Round I,2025
4133,"Sanmarg Shikshan Sanstha's Smt. Radhikatai Pandav College of Engineering, Nagpur",413319110,Civil Engineering,GOPENH,169787,30.26063,Below 80,CAP Round I,2025
4133,"Sanmarg Shikshan Sanstha's Smt. Radhikatai Pandav College of Engineering, Nagpur",413324210,Computer Science and Engineering,GOPENH,122224,57.6249683,Below 80,CAP Round I,2025
4133,"Sanmarg Shikshan Sanstha's Smt. Radhikatai Pandav College of Engineering, Nagpur",413324510,Computer Engineering,GOPENH,131154,53.6060165,Below 80,CAP Round I,2025
4133,"Sanmarg Shikshan Sanstha's Smt. Radhikatai Pandav College of Engineering, Nagpur",413329310,Electrical Engineering,GOPENH,159841,36.5248856,Below 80,CAP Round I,2025
4133,"Sanmarg Shikshan Sanstha's Smt. Radhikatai Pandav College of Engineering, Nagpur",413337210,Electronics and Telecommunication Engg,GOPENH,147895,44.2599775,Below 80,CAP Round I,2025
4133,"Sanmarg Shikshan Sanstha's Smt. Radhikatai Pandav College of Engineering, Nagpur",413361210,Mechanical Engineering,GOPENH,174808,26.6274079,Below 80,CAP Round I,2025
4134,"Guru Nanak Institute of Engineering & Technology,Kalmeshwar, Nagpur",413424210,Computer Science and Engineering,GOPENH,99663,67.8236662,Below 80,CAP Round I,2025
4134,"Guru Nanak Institute of Engineering & Technology,Kalmeshwar, Nagpur",413424610,Information Technology,GOPENH,128258,54.5872518,Below 80,CAP Round I,2025
4134,"Guru Nanak Institute of Engineering & Technology,Kalmeshwar, Nagpur",413429310,Electrical Engineering,GOPENH,177405,25.0722391,Below 80,CAP Round I,2025
4134,"Guru Nanak Institute of Engineering & Technology,Kalmeshwar, Nagpur",413437210,Electronics and Telecommunication Engg,GOPENH,164239,34.896751,Below 80,CAP Round I,2025
4134,"Guru Nanak Institute of Engineering & Technology,Kalmeshwar, Nagpur",413491210,Computer Science and Engineering(Data Science),GOPENH,144089,46.7613499,Below 80,CAP Round I,2025
4134,"Guru Nanak Institute of Engineering & Technology,Kalmeshwar, Nagpur",413499710,Artificial Intelligence,GOPENH,132888,52.5968356,Below 80,CAP Round I,2025
4135,"Amar Seva Mandal's Shree Govindrao Vanjari College of Engineering & Technology, Nagpur",413519110,Civil Engineering,GOPENH,141356,47.8905633,Below 80,CAP Round I,2025
4135,"Amar Seva Mandal's Shree Govindrao Vanjari College of Engineering & Technology, Nagpur",413524210,Computer Science and Engineering,GOPENH,124955,56.6213771,Below 80,CAP Round I,2025
4135,"Amar Seva Mandal's Shree Govindrao Vanjari College of Engineering & Technology, Nagpur",413524610,Information Technology,GOPENH,139773,49.2256217,Below 80,CAP Round I,2025
4135,"Amar Seva Mandal's Shree Govindrao Vanjari College of Engineering & Technology, Nagpur",413529310,Electrical Engineering,GOPENH,157106,39.3344201,Below 80,CAP Round I,2025
4135,"Amar Seva Mandal's Shree Govindrao Vanjari College of Engineering & Technology, Nagpur",413537210,Electronics and Telecommunication Engg,GOPENH,154057,40.6822054,Below 80,CAP Round I,2025
4135,"Amar Seva Mandal's Shree Govindrao Vanjari College of Engineering & Technology, Nagpur",413561210,Mechanical Engineering,GOPENH,166017,32.5553935,Below 80,CAP Round I,2025
4135,"Amar Seva Mandal's Shree Govindrao Vanjari College of Engineering & Technology, Nagpur",413591210,Computer Science and Engineering(Data Science),GOPENH,148067,43.9154166,Below 80,CAP Round I,2025
4137,"Sir Shantilal Badjate Charitable Trust's S. B. Jain Institute of technology, Management & Research, Nagpur",413724210,Computer Science and Engineering,GOPENS,61302,81.3270637,80-89.99,CAP Round I,2025
4137,"Sir Shantilal Badjate Charitable Trust's S. B. Jain Institute of technology, Management & Research, Nagpur",413724610,Information Technology,GOPENS,75513,76.7694659,Below 80,CAP Round I,2025
4137,"Sir Shantilal Badjate Charitable Trust's S. B. Jain Institute of technology, Management & Research, Nagpur",413729310,Electrical Engineering,GOPENS,101430,66.9039004,Below 80,CAP Round I,2025
4137,"Sir Shantilal Badjate Charitable Trust's S. B. Jain Institute of technology, Management & Research, Nagpur",413737210,Electronics and Telecommunication Engg,GOPENS,80457,75.1716925,Below 80,CAP Round I,2025
4137,"Sir Shantilal Badjate Charitable Trust's S. B. Jain Institute of technology, Management & Research, Nagpur",413761210,Mechanical Engineering,GOPENS,113996,61.5619516,Below 80,CAP Round I,2025
4137,"Sir Shantilal Badjate Charitable Trust's S. B. Jain Institute of technology, Management & Research, Nagpur",413791110,Computer Science and Engineering(Artificial Intelligence and Machine Learning),GOPENS,63266,80.8599071,80-89.99,CAP Round I,2025
4137,"Sir Shantilal Badjate Charitable Trust's S. B. Jain Institute of technology, Management & Research, Nagpur",413791210,Computer Science and Engineering(Data Science),GOPENS,71900,78.1688442,Below 80,CAP Round I,2025
4138,"Jaidev Education Society, J D College of Engineering and Management, Nagpur",413819110,Civil Engineering,GOPENS,132383,53.2228937,Below 80,CAP Round I,2025
4138,"Jaidev Education Society, J D College of Engineering and Management, Nagpur",413824210,Computer Science and Engineering,GOPENS,88460,71.8197195,Below 80,CAP Round I,2025
4138,"Jaidev Education Society, J D College of Engineering and Management, Nagpur",413824610,Information Technology,GOPENS,102880,66.2972028,Below 80,CAP Round I,2025
4138,"Jaidev Education Society, J D College of Engineering and Management, Nagpur",413826010,Computer Science and Engineering (Cyber Security),GOPENS,135521,50.9683037,Below 80,CAP Round I,2025
4138,"Jaidev Education Society, J D College of Engineering and Management, Nagpur",413829310,Electrical Engineering,GOPENS,127759,55.1895416,Below 80,CAP Round I,2025
4138,"Jaidev Education Society, J D College of Engineering and Management, Nagpur",413837210,Electronics and Telecommunication Engg,GOPENS,119643,58.8994542,Below 80,CAP Round I,2025
4138,"Jaidev Education Society, J D College of Engineering and Management, Nagpur",413861210,Mechanical Engineering,GOPENS,139124,49.4020979,Below 80,CAP Round I,2025
4138,"Jaidev Education Society, J D College of Engineering and Management, Nagpur",413891210,Computer Science and Engineering(Data Science),GOPENS,133053,52.5968356,Below 80,CAP Round I,2025
4138,"Jaidev Education Society, J D College of Engineering and Management, Nagpur",413899710,Artificial Intelligence,GOPENS,117117,60.3213757,Below 80,CAP Round I,2025
4139,"Samridhi Sarwajanik Charitable Trust, Jhulelal Institute of Technology, Nagpur",413924210,Computer Science and Engineering,GOPENS,93554,69.8941051,Below 80,CAP Round I,2025
4139,"Samridhi Sarwajanik Charitable Trust, Jhulelal Institute of Technology, Nagpur",413929310,Electrical Engineering,GOPENS,144720,46.6242967,Below 80,CAP Round I,2025
4139,"Samridhi Sarwajanik Charitable Trust, Jhulelal Institute of Technology, Nagpur",413961210,Mechanical Engineering,GOPENS,150091,43.4652257,Below 80,CAP Round I,2025
4139,"Samridhi Sarwajanik Charitable Trust, Jhulelal Institute of Technology, Nagpur",413984410,Electronics and Computer Engineering,GOPENS,124046,57.0133407,Below 80,CAP Round I,2025
4139,"Samridhi Sarwajanik Charitable Trust, Jhulelal Institute of Technology, Nagpur",413991110,Computer Science and Engineering(Artificial Intelligence and Machine Learning),GOPENS,109228,63.4714222,Below 80,CAP Round I,2025
4139,"Samridhi Sarwajanik Charitable Trust, Jhulelal Institute of Technology, Nagpur",413992510,Computer Science and Engineering (Artificial Intelligence and Data Science),GOPENS,97151,68.4887011,Below 80,CAP Round I,2025
4139,"Samridhi Sarwajanik Charitable Trust, Jhulelal Institute of Technology, Nagpur",413992810,Electronics and Communication(Advanced Communication Technology),GOPENS,130511,53.7591782,Below 80,CAP Round I,2025
4142,"G H Raisoni College of Engineering & Management, Nagpur",414219110,Civil Engineering,GOPENS,95544,69.2179237,Below 80,CAP Round I,2025
4142,"G H Raisoni College of Engineering & Management, Nagpur",414224210,Computer Science and Engineering,GOPENS,37969,88.7700729,80-89.99,CAP Round I,2025
4142,"G H Raisoni College of Engineering & Management, Nagpur",414224610,Information Technology,GOPENS,41363,87.7785554,80-89.99,CAP Round I,2025
4142,"G H Raisoni College of Engineering & Management, Nagpur",414229310,Electrical Engineering,GOPENS,84242,73.5570613,Below 80,CAP Round I,2025
4142,"G H Raisoni College of Engineering & Management, Nagpur",414237210,Electronics and Telecommunication Engg,GOPENS,52858,84.1131441,80-89.99,CAP Round I,2025
4142,"G H Raisoni College of Engineering & Management, Nagpur",414261210,Mechanical Engineering,GOPENS,90339,71.4755245,Below 80,CAP Round I,2025
4142,"G H Raisoni College of Engineering & Management, Nagpur",414291010,Computer Science and Engineering(Cyber Security),GOPENS,46256,86.2326458,80-89.99,CAP Round I,2025
4142,"G H Raisoni College of Engineering & Management, Nagpur",414291710,Data Science,GOPENS,52416,84.3018999,80-89.99,CAP Round I,2025
4142,"G H Raisoni College of Engineering & Management, Nagpur",414299710,Artificial Intelligence,GOPENS,52004,84.4752545,80-89.99,CAP Round I,2025
4143,"Sanmarg Shikshan Sanstha, Mandukarrao Pandav College of Engineering, Bhandara",414319110,Civil Engineering,GOPENH,181772,22.0346747,Below 80,CAP Round I,2025
4143,"Sanmarg Shikshan Sanstha, Mandukarrao Pandav College of Engineering, Bhandara",414324210,Computer Science and Engineering,GOPENH,140533,48.5587427,Below 80,CAP Round I,2025
4143,"Sanmarg Shikshan Sanstha, Mandukarrao Pandav College of Engineering, Bhandara",414324510,Computer Engineering,GOPENH,187085,17.2365618,Below 80,CAP Round I,2025
4143,"Sanmarg Shikshan Sanstha, Mandukarrao Pandav College of Engineering, Bhandara",414329310,Electrical Engineering,GOPENH,199075,5.7490133,Below 80,CAP Round I,2025
4143,"Sanmarg Shikshan Sanstha, Mandukarrao Pandav College of Engineering, Bhandara",414337210,Electronics and Telecommunication Engg,GOPENH,202550,1.7301157,Below 80,CAP Round I,2025
4143,"Sanmarg Shikshan Sanstha, Mandukarrao Pandav College of Engineering, Bhandara",414361210,Mechanical Engineering,GOPENH,185728,18.5475444,Below 80,CAP Round I,2025
4143,"Sanmarg Shikshan Sanstha, Mandukarrao Pandav College of Engineering, Bhandara",414399510,Artificial Intelligence and Data Science,GOPENH,198180,6.9235509,Below 80,CAP Round I,2025
4144,"Shri. Sai Shikshan Sanstha, Nagpur Institute of Technology, Nagpur",414419110,Civil Engineering,GOPENH,159096,37.6293706,Below 80,CAP Round I,2025
4144,"Shri. Sai Shikshan Sanstha, Nagpur Institute of Technology, Nagpur",414424210,Computer Science and Engineering,GOPENH,103653,65.8992965,Below 80,CAP Round I,2025
4144,"Shri. Sai Shikshan Sanstha, Nagpur Institute of Technology, Nagpur",414424610,Information Technology,GOPENH,112184,62.1365556,Below 80,CAP Round I,2025
4144,"Shri. Sai Shikshan Sanstha, Nagpur Institute of Technology, Nagpur",414429310,Electrical Engineering,GOPENH,156985,39.3601986,Below 80,CAP Round I,2025
4144,"Shri. Sai Shikshan Sanstha, Nagpur Institute of Technology, Nagpur",414461210,Mechanical Engineering,GOPENH,127585,55.1895416,Below 80,CAP Round I,2025
4145,"Wainganga College of Engineering and Management, Dongargaon, Nagpur",414519110,Civil Engineering,GOPENS,144084,46.7613499,Below 80,CAP Round I,2025
4145,"Wainganga College of Engineering and Management, Dongargaon, Nagpur",414524210,Computer Science and Engineering,GOPENS,101260,66.9039004,Below 80,CAP Round I,2025
4145,"Wainganga College of Engineering and Management, Dongargaon, Nagpur",414529310,Electrical Engineering,GOPENS,151303,42.9247346,Below 80,CAP Round I,2025
4145,"Wainganga College of Engineering and Management, Dongargaon, Nagpur",414537210,Electronics and Telecommunication Engg,GOPENS,125821,55.9381337,Below 80,CAP Round I,2025
4145,"Wainganga College of Engineering and Management, Dongargaon, Nagpur",414561210,Mechanical Engineering,GOPENS,141237,47.8905633,Below 80,CAP Round I,2025
4145,"Wainganga College of Engineering and Management, Dongargaon, Nagpur",414599510,Artificial Intelligence and Data Science,GOPENS,115702,60.634478,Below 80,CAP Round I,2025
4147,"K.D.K. College of Engineering, Nagpur",414719110,Civil Engineering,GOPENS,118872,59.2797111,Below 80,CAP Round I,2025
4147,"K.D.K. College of Engineering, Nagpur",414724210,Computer Science and Engineering,GOPENS,68072,79.3004726,Below 80,CAP Round I,2025
4147,"K.D.K. College of Engineering, Nagpur",414724610,Information Technology,GOPENS,74236,77.0149774,Below 80,CAP Round I,2025
4147,"K.D.K. College of Engineering, Nagpur",414729310,Electrical Engineering,GOPENS,107791,64.2631037,Below 80,CAP Round I,2025
4147,"K.D.K. College of Engineering, Nagpur",414737210,Electronics and Telecommunication Engg,GOPENS,81439,74.6802716,Below 80,CAP Round I,2025
4147,"K.D.K. College of Engineering, Nagpur",414761210,Mechanical Engineering,GOPENS,117804,59.9607019,Below 80,CAP Round I,2025
4147,"K.D.K. College of Engineering, Nagpur",414799510,Artificial Intelligence and Data Science,GOPENS,70291,78.4342571,Below 80,CAP Round I,2025
4151,"Tulsiramji Gaikwad Patil College of Engineering & Technology, Nagpur",415100210,Aeronautical Engineering,GOPENS,108969,63.5767823,Below 80,CAP Round I,2025
4151,"Tulsiramji Gaikwad Patil College of Engineering & Technology, Nagpur",415108210,Bio Technology,GOPENS,26517,92.8141662,90-94.99,CAP Round I,2025
4151,"Tulsiramji Gaikwad Patil College of Engineering & Technology, Nagpur",415119110,Civil Engineering,GOPENS,131053,53.6060165,Below 80,CAP Round I,2025
4151,"Tulsiramji Gaikwad Patil College of Engineering & Technology, Nagpur",415124210,Computer Science and Engineering,GOPENS,88528,71.8197195,Below 80,CAP Round I,2025
4151,"Tulsiramji Gaikwad Patil College of Engineering & Technology, Nagpur",415124610,Information Technology,GOPENS,105217,65.5190641,Below 80,CAP Round I,2025
4151,"Tulsiramji Gaikwad Patil College of Engineering & Technology, Nagpur",415129310,Electrical Engineering,GOPENS,142558,47.3563218,Below 80,CAP Round I,2025
4151,"Tulsiramji Gaikwad Patil College of Engineering & Technology, Nagpur",415137010,Electronics and Communication Engineering,GOPENS,134026,51.7009371,Below 80,CAP Round I,2025
4151,"Tulsiramji Gaikwad Patil College of Engineering & Technology, Nagpur",415161210,Mechanical Engineering,GOPENS,147162,45.2322221,Below 80,CAP Round I,2025
4151,"Tulsiramji Gaikwad Patil College of Engineering & Technology, Nagpur",415191210,Computer Science and Engineering(Data Science),GOPENS,114324,61.1295449,Below 80,CAP Round I,2025
4151,"Tulsiramji Gaikwad Patil College of Engineering & Technology, Nagpur",415192110,Artificial Intelligence and Machine Learning,GOPENS,100122,67.217709,Below 80,CAP Round I,2025
4163,Rajiv Gandhi College of Engineering Research & Technology Chandrapur,416319110,Civil Engineering,GOPENH,140994,47.8905633,Below 80,CAP Round I,2025
4163,Rajiv Gandhi College of Engineering Research & Technology Chandrapur,416324210,Computer Science and Engineering,GOPENH,90726,71.173087,Below 80,CAP Round I,2025
4163,Rajiv Gandhi College of Engineering Research & Technology Chandrapur,416329310,Electrical Engineering,GOPENH,134906,51.1762787,Below 80,CAP Round I,2025
4163,Rajiv Gandhi College of Engineering Research & Technology Chandrapur,416337010,Electronics and Communication Engineering,GOPENH,131671,53.2657343,Below 80,CAP Round I,2025
4163,Rajiv Gandhi College of Engineering Research & Technology Chandrapur,416361210,Mechanical Engineering,GOPENH,135219,51.1762787,Below 80,CAP Round I,2025
4163,Rajiv Gandhi College of Engineering Research & Technology Chandrapur,416370110,Mining Engineering,GOPENH,138192,49.7291102,Below 80,CAP Round I,2025
4163,Rajiv Gandhi College of Engineering Research & Technology Chandrapur,416391210,Computer Science and Engineering(Data Science),GOPENH,108962,63.5767823,Below 80,CAP Round I,2025
4167,"Yeshwantrao Chavan College of Engineering,Wanadongri, Nagpur",416719110,Civil Engineering,GOPENS,71391,78.2396759,Below 80,CAP Round I,2025
4167,"Yeshwantrao Chavan College of Engineering,Wanadongri, Nagpur",416724610,Information Technology,GOPENS,23451,93.1848615,90-94.99,CAP Round I,2025
4167,"Yeshwantrao Chavan College of Engineering,Wanadongri, Nagpur",416725110,Computer Technology,GOPENS,25262,92.6563556,90-94.99,CAP Round I,2025
4167,"Yeshwantrao Chavan College of Engineering,Wanadongri, Nagpur",416725710,Computer Science and Design,GOPENS,28189,91.7513251,90-94.99,CAP Round I,2025
4167,"Yeshwantrao Chavan College of Engineering,Wanadongri, Nagpur",416726710,Computer Science and Engineering (IoT),GOPENS,27538,91.972622,90-94.99,CAP Round I,2025
4167,"Yeshwantrao Chavan College of Engineering,Wanadongri, Nagpur",416735610,Electrical Engg[Electronics and Power],GOPENS,58329,82.3736697,80-89.99,CAP Round I,2025
4167,"Yeshwantrao Chavan College of Engineering,Wanadongri, Nagpur",416737210,Electronics and Telecommunication Engg,GOPENS,31790,90.6674583,90-94.99,CAP Round I,2025
4167,"Yeshwantrao Chavan College of Engineering,Wanadongri, Nagpur",416737610,Electronics Engineering,GOPENS,47278,85.9058498,80-89.99,CAP Round I,2025
4167,"Yeshwantrao Chavan College of Engineering,Wanadongri, Nagpur",416737810,Electronics Engineering ( VLSI Design and Technology),GOPENS,48138,85.6421968,80-89.99,CAP Round I,2025
4167,"Yeshwantrao Chavan College of Engineering,Wanadongri, Nagpur",416761210,Mechanical Engineering,GOPENS,58522,82.3322294,80-89.99,CAP Round I,2025
4167,"Yeshwantrao Chavan College of Engineering,Wanadongri, Nagpur",416791110,Computer Science and Engineering(Artificial Intelligence and Machine Learning),GOPENS,19406,94.4148845,90-94.99,CAP Round I,2025
4167,"Yeshwantrao Chavan College of Engineering,Wanadongri, Nagpur",416799510,Artificial Intelligence and Data Science,GOPENS,23183,93.2612864,90-94.99,CAP Round I,2025
4172,"Anjuman College of Engineering & Technology, Nagpur",417219110,Civil Engineering,GOPENH,163730,35.4407253,Below 80,CAP Round I,2025
4172,"Anjuman College of Engineering & Technology, Nagpur",417224210,Computer Science and Engineering,GOPENH,108999,63.5767823,Below 80,CAP Round I,2025
4172,"Anjuman College of Engineering & Technology, Nagpur",417226310,Artificial Intelligence (AI) and Data Science,GOPENH,109987,63.3986014,Below 80,CAP Round I,2025
4172,"Anjuman College of Engineering & Technology, Nagpur",417229310,Electrical Engineering,GOPENH,167230,32.3446384,Below 80,CAP Round I,2025
4172,"Anjuman College of Engineering & Technology, Nagpur",417237210,Electronics and Telecommunication Engg,GOPENH,147185,45.2322221,Below 80,CAP Round I,2025
4172,"Anjuman College of Engineering & Technology, Nagpur",417261210,Mechanical Engineering,GOPENH,165404,33.0802795,Below 80,CAP Round I,2025
4174,"ST. Vincent Pallotti College of Engineering & Technology, Nagpur",417419110,Civil Engineering,GOPENS,99764,67.8210479,Below 80,CAP Round I,2025
4174,"ST. Vincent Pallotti College of Engineering & Technology, Nagpur",417424210,Computer Science and Engineering,GOPENS,33716,90.0917161,90-94.99,CAP Round I,2025
4174,"ST. Vincent Pallotti College of Engineering & Technology, Nagpur",417424610,Information Technology,GOPENS,38048,88.7615737,80-89.99,CAP Round I,2025
4174,"ST. Vincent Pallotti College of Engineering & Technology, Nagpur",417426010,Computer Science and Engineering (Cyber Security),GOPENS,44311,86.7202099,80-89.99,CAP Round I,2025
4174,"ST. Vincent Pallotti College of Engineering & Technology, Nagpur",417426210,Computer Science and Business Systems,GOPENS,50922,84.7618697,80-89.99,CAP Round I,2025
4174,"ST. Vincent Pallotti College of Engineering & Technology, Nagpur",417426510,Industrial IoT,GOPENS,75294,76.8955509,Below 80,CAP Round I,2025
4174,"ST. Vincent Pallotti College of Engineering & Technology, Nagpur",417426610,Robotics and Artificial Intelligence,GOPENS,53429,83.9367933,80-89.99,CAP Round I,2025
4174,"ST. Vincent Pallotti College of Engineering & Technology, Nagpur",417429310,Electrical Engineering,GOPENS,75613,76.7694659,Below 80,CAP Round I,2025
4174,"ST. Vincent Pallotti College of Engineering & Technology, Nagpur",417437210,Electronics and Telecommunication Engg,GOPENS,48465,85.5207245,80-89.99,CAP Round I,2025
4174,"ST. Vincent Pallotti College of Engineering & Technology, Nagpur",417461210,Mechanical Engineering,GOPENS,87475,72.1363369,Below 80,CAP Round I,2025
4174,"ST. Vincent Pallotti College of Engineering & Technology, Nagpur",417491210,Computer Science and Engineering(Data Science),GOPENS,42075,87.5666075,80-89.99,CAP Round I,2025
4174,"ST. Vincent Pallotti College of Engineering & Technology, Nagpur",417499710,Artificial Intelligence,GOPENS,41519,87.687217,80-89.99,CAP Round I,2025
4175,"JMSS Shri Shankarprasad Agnihotri College of Engineering, Wardha",417519110,Civil Engineering,GOPENH,187022,17.2365618,Below 80,CAP Round I,2025
4175,"JMSS Shri Shankarprasad Agnihotri College of Engineering, Wardha",417524210,Computer Science and Engineering,GOPENH,163370,35.5422955,Below 80,CAP Round I,2025
4175,"JMSS Shri Shankarprasad Agnihotri College of Engineering, Wardha",417537210,Electronics and Telecommunication Engg,GOPENH,201236,3.3856527,Below 80,CAP Round I,2025
4175,"JMSS Shri Shankarprasad Agnihotri College of Engineering, Wardha",417561210,Mechanical Engineering,GOPENH,181725,22.0346747,Below 80,CAP Round I,2025
4175,"JMSS Shri Shankarprasad Agnihotri College of Engineering, Wardha",417599710,Artificial Intelligence,GOPENH,198605,6.3882064,Below 80,CAP Round I,2025
4177,"Priyadarshini Bhagwati College of Engineering, Harpur Nagar, Umred Road,Nagpur",417719110,Civil Engineering,GOPENS,132900,52.5968356,Below 80,CAP Round I,2025
4177,"Priyadarshini Bhagwati College of Engineering, Harpur Nagar, Umred Road,Nagpur",417724210,Computer Science and Engineering,GOPENS,68352,79.027972,Below 80,CAP Round I,2025
4177,"Priyadarshini Bhagwati College of Engineering, Harpur Nagar, Umred Road,Nagpur",417724610,Information Technology,GOPENS,68968,78.6729363,Below 80,CAP Round I,2025
4177,"Priyadarshini Bhagwati College of Engineering, Harpur Nagar, Umred Road,Nagpur",417729310,Electrical Engineering,GOPENS,113844,61.5619516,Below 80,CAP Round I,2025
4177,"Priyadarshini Bhagwati College of Engineering, Harpur Nagar, Umred Road,Nagpur",417737010,Electronics and Communication Engineering,GOPENS,95258,69.3295893,Below 80,CAP Round I,2025
4177,"Priyadarshini Bhagwati College of Engineering, Harpur Nagar, Umred Road,Nagpur",417737210,Electronics and Telecommunication Engg,GOPENS,82862,73.7482517,Below 80,CAP Round I,2025
4177,"Priyadarshini Bhagwati College of Engineering, Harpur Nagar, Umred Road,Nagpur",417761210,Mechanical Engineering,GOPENS,118921,59.1762367,Below 80,CAP Round I,2025
4177,"Priyadarshini Bhagwati College of Engineering, Harpur Nagar, Umred Road,Nagpur",417799710,Artificial Intelligence,GOPENS,65649,79.9809712,Below 80,CAP Round I,2025
4181,"Swaminarayan Siddhanta Institute Of Technology, Nagpur",418119110,Civil Engineering,GOPENH,156458,39.5742169,Below 80,CAP Round I,2025
4181,"Swaminarayan Siddhanta Institute Of Technology, Nagpur",418124510,Computer Engineering,GOPENH,148594,43.74434,Below 80,CAP Round I,2025
4181,"Swaminarayan Siddhanta Institute Of Technology, Nagpur",418137210,Electronics and Telecommunication Engg,GOPENH,154527,40.0432529,Below 80,CAP Round I,2025
4181,"Swaminarayan Siddhanta Institute Of Technology, Nagpur",418161210,Mechanical Engineering,GOPENH,164506,34.896751,Below 80,CAP Round I,2025
4188,"Krushi Jivan Vikas Pratishthan, Ballarpur Institute of Technology, Mouza Bamni",418819110,Civil Engineering,GOPENH,181294,22.035802,Below 80,CAP Round I,2025
4188,"Krushi Jivan Vikas Pratishthan, Ballarpur Institute of Technology, Mouza Bamni",418824210,Computer Science and Engineering,GOPENH,115688,60.634478,Below 80,CAP Round I,2025
4188,"Krushi Jivan Vikas Pratishthan, Ballarpur Institute of Technology, Mouza Bamni",418829310,Electrical Engineering,GOPENH,120762,58.4401523,Below 80,CAP Round I,2025
4188,"Krushi Jivan Vikas Pratishthan, Ballarpur Institute of Technology, Mouza Bamni",418837210,Electronics and Telecommunication Engg,GOPENH,166346,32.5451434,Below 80,CAP Round I,2025
4188,"Krushi Jivan Vikas Pratishthan, Ballarpur Institute of Technology, Mouza Bamni",418850310,Food Technology,GOPENH,149817,47.7841578,Below 80,CAP Round I,2025
4188,"Krushi Jivan Vikas Pratishthan, Ballarpur Institute of Technology, Mouza Bamni",418861210,Mechanical Engineering,GOPENH,178227,24.7167509,Below 80,CAP Round I,2025
4188,"Krushi Jivan Vikas Pratishthan, Ballarpur Institute of Technology, Mouza Bamni",418870110,Mining Engineering,GOPENH,193257,11.6988417,Below 80,CAP Round I,2025
4190,"M.D. Yergude Memorial Shikshan Prasarak Mandal's Shri Sai College of Engineering & Technology, Bhadrawati",419019110,Civil Engineering,GOPENH,197836,7.1701886,Below 80,CAP Round I,2025
4190,"M.D. Yergude Memorial Shikshan Prasarak Mandal's Shri Sai College of Engineering & Technology, Bhadrawati",419024210,Computer Science and Engineering,GOPENH,157273,39.3344201,Below 80,CAP Round I,2025
4190,"M.D. Yergude Memorial Shikshan Prasarak Mandal's Shri Sai College of Engineering & Technology, Bhadrawati",419029310,Electrical Engineering,GOPENH,143182,47.13962,Below 80,CAP Round I,2025
4190,"M.D. Yergude Memorial Shikshan Prasarak Mandal's Shri Sai College of Engineering & Technology, Bhadrawati",419037010,Electronics and Communication Engineering,GOPENH,159328,37.6293706,Below 80,CAP Round I,2025
4190,"M.D. Yergude Memorial Shikshan Prasarak Mandal's Shri Sai College of Engineering & Technology, Bhadrawati",419061210,Mechanical Engineering,GOPENH,198469,6.4009128,Below 80,CAP Round I,2025
4192,"Maitraya Education Society, Nagarjuna Institute of Engineering Technology & Management, Nagpur",419219110,Civil Engineering,GOPENH,196386,8.7118703,Below 80,CAP Round I,2025
4192,"Maitraya Education Society, Nagarjuna Institute of Engineering Technology & Management, Nagpur",419224210,Computer Science and Engineering,GOPENH,158080,38.7925588,Below 80,CAP Round I,2025
4192,"Maitraya Education Society, Nagarjuna Institute of Engineering Technology & Management, Nagpur",419235610,Electrical Engg[Electronics and Power],GOPENH,196404,8.672418,Below 80,CAP Round I,2025
4192,"Maitraya Education Society, Nagarjuna Institute of Engineering Technology & Management, Nagpur",419261210,Mechanical Engineering,GOPENH,190847,13.9509479,Below 80,CAP Round I,2025
4192,"Maitraya Education Society, Nagarjuna Institute of Engineering Technology & Management, Nagpur",419291110,Computer Science and Engineering(Artificial Intelligence and Machine Learning),GOPENH,144236,46.7613499,Below 80,CAP Round I,2025
4193,"K.D.M. Education Society, Vidharbha Institute of Technology,Umred Road ,Nagpur",419324210,Computer Science and Engineering,GOPENS,124120,56.8426573,Below 80,CAP Round I,2025
4193,"K.D.M. Education Society, Vidharbha Institute of Technology,Umred Road ,Nagpur",419329310,Electrical Engineering,GOPENS,168528,32.0008834,Below 80,CAP Round I,2025
4193,"K.D.M. Education Society, Vidharbha Institute of Technology,Umred Road ,Nagpur",419337010,Electronics and Communication Engineering,GOPENS,179331,23.4132019,Below 80,CAP Round I,2025
4193,"K.D.M. Education Society, Vidharbha Institute of Technology,Umred Road ,Nagpur",419361210,Mechanical Engineering,GOPENS,172095,28.9513426,Below 80,CAP Round I,2025
4193,"K.D.M. Education Society, Vidharbha Institute of Technology,Umred Road ,Nagpur",419391110,Computer Science and Engineering(Artificial Intelligence and Machine Learning),GOPENS,148399,43.9154166,Below 80,CAP Round I,2025
4193,"K.D.M. Education Society, Vidharbha Institute of Technology,Umred Road ,Nagpur",419391210,Computer Science and Engineering(Data Science),GOPENS,163111,35.6771832,Below 80,CAP Round I,2025
4196,"Gurunanak Educational Society's Gurunanak Institute of Technology, Nagpur",419619110,Civil Engineering,GOPENH,184431,19.2944893,Below 80,CAP Round I,2025
4196,"Gurunanak Educational Society's Gurunanak Institute of Technology, Nagpur",419624210,Computer Science and Engineering,GOPENH,109532,63.4714222,Below 80,CAP Round I,2025
4196,"Gurunanak Educational Society's Gurunanak Institute of Technology, Nagpur",419637210,Electronics and Telecommunication Engg,GOPENH,176346,25.5643537,Below 80,CAP Round I,2025
4196,"Gurunanak Educational Society's Gurunanak Institute of Technology, Nagpur",419661210,Mechanical Engineering,GOPENH,182774,21.3037657,Below 80,CAP Round I,2025
4196,"Gurunanak Educational Society's Gurunanak Institute of Technology, Nagpur",419691010,Computer Science and Engineering(Cyber Security),GOPENH,146311,45.8266058,Below 80,CAP Round I,2025
4196,"Gurunanak Educational Society's Gurunanak Institute of Technology, Nagpur",419691210,Computer Science and Engineering(Data Science),GOPENH,156754,39.3601986,Below 80,CAP Round I,2025
4196,"Gurunanak Educational Society's Gurunanak Institute of Technology, Nagpur",419692110,Artificial Intelligence and Machine Learning,GOPENH,123847,57.0133407,Below 80,CAP Round I,2025
4197,"Jai Mahakali Shikshan Sanstha, Agnihotri College of Engineering, Sindhi(Meghe)",419719110,Civil Engineering,GOPENH,198179,6.9235509,Below 80,CAP Round I,2025
4197,"Jai Mahakali Shikshan Sanstha, Agnihotri College of Engineering, Sindhi(Meghe)",419724210,Computer Science and Engineering,GOPENH,173072,28.4151863,Below 80,CAP Round I,2025
4197,"Jai Mahakali Shikshan Sanstha, Agnihotri College of Engineering, Sindhi(Meghe)",419729310,Electrical Engineering,GOPENH,168264,32.0884521,Below 80,CAP Round I,2025
4197,"Jai Mahakali Shikshan Sanstha, Agnihotri College of Engineering, Sindhi(Meghe)",419737010,Electronics and Communication Engineering,GOPENH,199063,5.7490133,Below 80,CAP Round I,2025
4197,"Jai Mahakali Shikshan Sanstha, Agnihotri College of Engineering, Sindhi(Meghe)",419761210,Mechanical Engineering,GOPENH,200003,4.7274462,Below 80,CAP Round I,2025
4302,"Gondia Education Society's Manoharbhai Patel Institute Of Engineering & Technology, Shahapur, Bhandara",430219110,Civil Engineering,GOPENH,151539,42.7403863,Below 80,CAP Round I,2025
4302,"Gondia Education Society's Manoharbhai Patel Institute Of Engineering & Technology, Shahapur, Bhandara",430224510,Computer Engineering,GOPENH,129999,54.0903901,Below 80,CAP Round I,2025
4302,"Gondia Education Society's Manoharbhai Patel Institute Of Engineering & Technology, Shahapur, Bhandara",430261210,Mechanical Engineering,GOPENH,185073,19.0847282,Below 80,CAP Round I,2025
4613,"Suryodaya College of Engineering & Technology, Nagpur",461319110,Civil Engineering,GOPENS,134753,51.57164,Below 80,CAP Round I,2025
4613,"Suryodaya College of Engineering & Technology, Nagpur",461324510,Computer Engineering,GOPENS,93991,69.8498837,Below 80,CAP Round I,2025
4613,"Suryodaya College of Engineering & Technology, Nagpur",461326510,Industrial IoT,GOPENS,113940,61.5619516,Below 80,CAP Round I,2025
4613,"Suryodaya College of Engineering & Technology, Nagpur",461329310,Electrical Engineering,GOPENS,125677,56.2929777,Below 80,CAP Round I,2025
4613,"Suryodaya College of Engineering & Technology, Nagpur",461337210,Electronics and Telecommunication Engg,GOPENS,108630,63.6512871,Below 80,CAP Round I,2025
4613,"Suryodaya College of Engineering & Technology, Nagpur",461361210,Mechanical Engineering,GOPENS,134853,51.57164,Below 80,CAP Round I,2025
4613,"Suryodaya College of Engineering & Technology, Nagpur",461391210,Computer Science and Engineering(Data Science),GOPENS,73801,77.1296846,Below 80,CAP Round I,2025
4648,"R.V. Parankar College of Engineering & Technology, Arvi, Dist Wardha",464819110,Civil Engineering,GOPENH,192749,11.9485358,Below 80,CAP Round I,2025
4648,"R.V. Parankar College of Engineering & Technology, Arvi, Dist Wardha",464824210,Computer Science and Engineering,GOPENH,193258,11.6988417,Below 80,CAP Round I,2025
4648,"R.V. Parankar College of Engineering & Technology, Arvi, Dist Wardha",464824610,Information Technology,GOPENH,166635,32.5451434,Below 80,CAP Round I,2025
4648,"R.V. Parankar College of Engineering & Technology, Arvi, Dist Wardha",464829310,Electrical Engineering,GOPENH,201210,3.3856527,Below 80,CAP Round I,2025
4648,"R.V. Parankar College of Engineering & Technology, Arvi, Dist Wardha",464861210,Mechanical Engineering,GOPENH,201170,3.4408227,Below 80,CAP Round I,2025
4649,"Bajaj Institute of Technology, Wardha",464919110,Civil Engineering,GOPENH,123682,57.0133407,Below 80,CAP Round I,2025
4649,"Bajaj Institute of Technology, Wardha",464924510,Computer Engineering,GOPENH,65656,79.9809712,Below 80,CAP Round I,2025
4649,"Bajaj Institute of Technology, Wardha",464929310,Electrical Engineering,GOPENH,90681,71.173087,Below 80,CAP Round I,2025
4649,"Bajaj Institute of Technology, Wardha",464961210,Mechanical Engineering,GOPENH,107055,64.3871019,Below 80,CAP Round I,2025
4679,"Karanjekar College of Engineering & Management, Sakoli",467919110,Civil Engineering,GOPENH,156348,39.5742169,Below 80,CAP Round I,2025
4679,"Karanjekar College of Engineering & Management, Sakoli",467924210,Computer Science and Engineering,GOPENH,164788,33.6209084,Below 80,CAP Round I,2025
4679,"Karanjekar College of Engineering & Management, Sakoli",467926310,Artificial Intelligence (AI) and Data Science,GOPENH,201114,3.5346303,Below 80,CAP Round I,2025
4679,"Karanjekar College of Engineering & Management, Sakoli",467929310,Electrical Engineering,GOPENH,200075,4.5709952,Below 80,CAP Round I,2025
4703,"Somayya Institute of Technology, Chandrapur",470324210,Computer Science and Engineering,GOPENH,184476,19.2944893,Below 80,CAP Round I,2025
4703,"Somayya Institute of Technology, Chandrapur",470326010,Computer Science and Engineering (Cyber Security),GOPENH,196318,8.7118703,Below 80,CAP Round I,2025
4703,"Somayya Institute of Technology, Chandrapur",470329310,Electrical Engineering,GOPENH,197138,7.8969624,Below 80,CAP Round I,2025
4703,"Somayya Institute of Technology, Chandrapur",470370110,Mining Engineering,GOPENH,128353,54.5872518,Below 80,CAP Round I,2025
4703,"Somayya Institute of Technology, Chandrapur",470391210,Computer Science and Engineering(Data Science),GOPENH,197015,7.8975079,Below 80,CAP Round I,2025
4703,"Somayya Institute of Technology, Chandrapur",470392110,Artificial Intelligence and Machine Learning,GOPENH,134370,51.7009371,Below 80,CAP Round I,2025
5003,"University Institute of Chemical Technology, North Maharashtra University, Jalgaon",500350310,Food Technology,GOPENH,50447,85.9323432,80-89.99,CAP Round I,2025
5003,"University Institute of Chemical Technology, North Maharashtra University, Jalgaon",500350710,Chemical Engineering,GOPENH,99129,68.1117918,Below 80,CAP Round I,2025
5003,"University Institute of Chemical Technology, North Maharashtra University, Jalgaon",500350810,Plastic Technology,GOPENH,113954,61.5619516,Below 80,CAP Round I,2025
5003,"University Institute of Chemical Technology, North Maharashtra University, Jalgaon",500351810,Oil Fats and Waxes Technology,GOPENH,152122,42.6339209,Below 80,CAP Round I,2025
5003,"University Institute of Chemical Technology, North Maharashtra University, Jalgaon",500352310,Paints Technology,GOPENH,59938,81.940403,80-89.99,CAP Round I,2025
5004,"Government College of Engineering, Jalgaon",500419110,Civil Engineering,GOPENS,65957,79.8919296,Below 80,CAP Round I,2025
5004,"Government College of Engineering, Jalgaon",500424510,Computer Engineering,GOPENS,24495,92.8770798,90-94.99,CAP Round I,2025
5004,"Government College of Engineering, Jalgaon",500429310,Electrical Engineering,GOPENS,62640,81.0403668,80-89.99,CAP Round I,2025
5004,"Government College of Engineering, Jalgaon",500437210,Electronics and Telecommunication Engg,GOPENS,41057,87.9235179,80-89.99,CAP Round I,2025
5004,"Government College of Engineering, Jalgaon",500446610,Instrumentation Engineering,GOPENS,97057,68.4887011,Below 80,CAP Round I,2025
5004,"Government College of Engineering, Jalgaon",500461210,Mechanical Engineering,GOPENS,60821,81.6328671,80-89.99,CAP Round I,2025
5103,"Shri Shivaji Vidya Prasarak Sanstha's Late Bapusaheb Shivaji Rao Deore College of Engineering,Dhule",510319110,Civil Engineering,GOPENH,120714,58.4401523,Below 80,CAP Round I,2025
5103,"Shri Shivaji Vidya Prasarak Sanstha's Late Bapusaheb Shivaji Rao Deore College of Engineering,Dhule",510324510,Computer Engineering,GOPENH,82771,73.7482517,Below 80,CAP Round I,2025
5103,"Shri Shivaji Vidya Prasarak Sanstha's Late Bapusaheb Shivaji Rao Deore College of Engineering,Dhule",510337210,Electronics and Telecommunication Engg,GOPENH,116290,60.4378874,Below 80,CAP Round I,2025
5103,"Shri Shivaji Vidya Prasarak Sanstha's Late Bapusaheb Shivaji Rao Deore College of Engineering,Dhule",510337610,Electronics Engineering,GOPENH,135482,50.9683037,Below 80,CAP Round I,2025
5103,"Shri Shivaji Vidya Prasarak Sanstha's Late Bapusaheb Shivaji Rao Deore College of Engineering,Dhule",510361210,Mechanical Engineering,GOPENH,138288,49.7291102,Below 80,CAP Round I,2025
5103,"Shri Shivaji Vidya Prasarak Sanstha's Late Bapusaheb Shivaji Rao Deore College of Engineering,Dhule",510384410,Electronics and Computer Engineering,GOPENH,117879,59.9607019,Below 80,CAP Round I,2025
5104,"Shramsadhana Bombay Trust, College of Engineering & Technology, Jalgaon",510419110,Civil Engineering,GOPENH,138610,49.6043895,Below 80,CAP Round I,2025
5104,"Shramsadhana Bombay Trust, College of Engineering & Technology, Jalgaon",510424510,Computer Engineering,GOPENH,71165,78.272232,Below 80,CAP Round I,2025
5104,"Shramsadhana Bombay Trust, College of Engineering & Technology, Jalgaon",510429310,Electrical Engineering,GOPENH,120312,58.6907687,Below 80,CAP Round I,2025
5104,"Shramsadhana Bombay Trust, College of Engineering & Technology, Jalgaon",510437210,Electronics and Telecommunication Engg,GOPENH,96615,68.8687467,Below 80,CAP Round I,2025
5104,"Shramsadhana Bombay Trust, College of Engineering & Technology, Jalgaon",510450710,Chemical Engineering,GOPENH,121900,57.8195751,Below 80,CAP Round I,2025
5104,"Shramsadhana Bombay Trust, College of Engineering & Technology, Jalgaon",510461210,Mechanical Engineering,GOPENH,132097,53.2228937,Below 80,CAP Round I,2025
5106,"Khandesh College Education Society's College Of Engineering And Management, Jalgaon",510624510,Computer Engineering,GOPENS,109834,63.3986014,Below 80,CAP Round I,2025
5106,"Khandesh College Education Society's College Of Engineering And Management, Jalgaon",510629310,Electrical Engineering,GOPENS,151530,42.7403863,Below 80,CAP Round I,2025
5106,"Khandesh College Education Society's College Of Engineering And Management, Jalgaon",510661210,Mechanical Engineering,GOPENS,150078,43.4652257,Below 80,CAP Round I,2025
5106,"Khandesh College Education Society's College Of Engineering And Management, Jalgaon",510684410,Electronics and Computer Engineering,GOPENS,140372,49.1540892,Below 80,CAP Round I,2025
5106,"Khandesh College Education Society's College Of Engineering And Management, Jalgaon",510691210,Computer Science and Engineering(Data Science),GOPENS,115950,60.4378874,Below 80,CAP Round I,2025
5108,"Maratha Vidya Prasarak Samaj's Karmaveer Adv. Baburao Ganpatrao Thakare College Of Engineering, Nashik",510819110,Civil Engineering,GOPENS,88041,71.8498844,Below 80,CAP Round I,2025
5108,"Maratha Vidya Prasarak Samaj's Karmaveer Adv. Baburao Ganpatrao Thakare College Of Engineering, Nashik",510824510,Computer Engineering,GOPENS,31886,90.6536517,90-94.99,CAP Round I,2025
5108,"Maratha Vidya Prasarak Samaj's Karmaveer Adv. Baburao Ganpatrao Thakare College Of Engineering, Nashik",510824610,Information Technology,GOPENS,42816,87.3181818,80-89.99,CAP Round I,2025
5108,"Maratha Vidya Prasarak Samaj's Karmaveer Adv. Baburao Ganpatrao Thakare College Of Engineering, Nashik",510826310,Artificial Intelligence (AI) and Data Science,GOPENS,41999,87.5666075,80-89.99,CAP Round I,2025
5108,"Maratha Vidya Prasarak Samaj's Karmaveer Adv. Baburao Ganpatrao Thakare College Of Engineering, Nashik",510829310,Electrical Engineering,GOPENS,75152,76.8973331,Below 80,CAP Round I,2025
5108,"Maratha Vidya Prasarak Samaj's Karmaveer Adv. Baburao Ganpatrao Thakare College Of Engineering, Nashik",510837210,Electronics and Telecommunication Engg,GOPENS,58342,82.3736697,80-89.99,CAP Round I,2025
5108,"Maratha Vidya Prasarak Samaj's Karmaveer Adv. Baburao Ganpatrao Thakare College Of Engineering, Nashik",510846410,Instrumentation and Control Engineering,GOPENS,76320,76.5279741,Below 80,CAP Round I,2025
5108,"Maratha Vidya Prasarak Samaj's Karmaveer Adv. Baburao Ganpatrao Thakare College Of Engineering, Nashik",510861210,Mechanical Engineering,GOPENS,81530,74.5404987,Below 80,CAP Round I,2025
5108,"Maratha Vidya Prasarak Samaj's Karmaveer Adv. Baburao Ganpatrao Thakare College Of Engineering, Nashik",510891610,Automation and Robotics,GOPENS,71893,78.1688442,Below 80,CAP Round I,2025
5109,"Sandip Foundation, Sandip Institute of Technology and Research Centre, Mahiravani, Nashik",510919110,Civil Engineering,GOPENS,113077,61.796967,Below 80,CAP Round I,2025
5109,"Sandip Foundation, Sandip Institute of Technology and Research Centre, Mahiravani, Nashik",510924510,Computer Engineering,GOPENS,60034,81.8021201,80-89.99,CAP Round I,2025
5109,"Sandip Foundation, Sandip Institute of Technology and Research Centre, Mahiravani, Nashik",510924610,Information Technology,GOPENS,68607,78.8357161,Below 80,CAP Round I,2025
5109,"Sandip Foundation, Sandip Institute of Technology and Research Centre, Mahiravani, Nashik",510929310,Electrical Engineering,GOPENS,106420,64.713186,Below 80,CAP Round I,2025
5109,"Sandip Foundation, Sandip Institute of Technology and Research Centre, Mahiravani, Nashik",510937210,Electronics and Telecommunication Engg,GOPENS,86890,72.6730266,Below 80,CAP Round I,2025
5109,"Sandip Foundation, Sandip Institute of Technology and Research Centre, Mahiravani, Nashik",510956610,Computer Science,GOPENS,55183,83.4378744,80-89.99,CAP Round I,2025
5109,"Sandip Foundation, Sandip Institute of Technology and Research Centre, Mahiravani, Nashik",510961210,Mechanical Engineering,GOPENS,105178,65.5190641,Below 80,CAP Round I,2025
5109,"Sandip Foundation, Sandip Institute of Technology and Research Centre, Mahiravani, Nashik",510991610,Automation and Robotics,GOPENS,98774,68.1164395,Below 80,CAP Round I,2025
5109,"Sandip Foundation, Sandip Institute of Technology and Research Centre, Mahiravani, Nashik",510992110,Artificial Intelligence and Machine Learning,GOPENS,63220,80.8599071,80-89.99,CAP Round I,2025
5109,"Sandip Foundation, Sandip Institute of Technology and Research Centre, Mahiravani, Nashik",510999510,Artificial Intelligence and Data Science,GOPENS,67657,79.4832155,Below 80,CAP Round I,2025
5121,"K. K. Wagh Institute of Engineering Education and Research, Nashik",512119110,Civil Engineering,GOPENS,63336,80.8599071,80-89.99,CAP Round I,2025
5121,"K. K. Wagh Institute of Engineering Education and Research, Nashik",512121910,Robotics and Automation,GOPENS,42244,87.4135301,80-89.99,CAP Round I,2025
5121,"K. K. Wagh Institute of Engineering Education and Research, Nashik",512124610,Information Technology,GOPENS,19240,94.4637991,90-94.99,CAP Round I,2025
5121,"K. K. Wagh Institute of Engineering Education and Research, Nashik",512125710,Computer Science and Design,GOPENS,23354,93.2101568,90-94.99,CAP Round I,2025
5121,"K. K. Wagh Institute of Engineering Education and Research, Nashik",512129310,Electrical Engineering,GOPENS,47595,85.8824755,80-89.99,CAP Round I,2025
5121,"K. K. Wagh Institute of Engineering Education and Research, Nashik",512137210,Electronics and Telecommunication Engg,GOPENS,27669,91.8738016,90-94.99,CAP Round I,2025
5121,"K. K. Wagh Institute of Engineering Education and Research, Nashik",512150710,Chemical Engineering,GOPENS,55249,83.4378744,80-89.99,CAP Round I,2025
5121,"K. K. Wagh Institute of Engineering Education and Research, Nashik",512161210,Mechanical Engineering,GOPENS,41325,87.7785554,80-89.99,CAP Round I,2025
5121,"K. K. Wagh Institute of Engineering Education and Research, Nashik",512199510,Artificial Intelligence and Data Science,GOPENS,20899,93.9119037,90-94.99,CAP Round I,2025
5124,"Jagadamba Education Soc. Nashik's S.N.D. College of Engineering & Reserch, Babulgaon",512419110,Civil Engineering,GOPENH,147912,44.2599775,Below 80,CAP Round I,2025
5124,"Jagadamba Education Soc. Nashik's S.N.D. College of Engineering & Reserch, Babulgaon",512424510,Computer Engineering,GOPENH,98242,68.2382408,Below 80,CAP Round I,2025
5124,"Jagadamba Education Soc. Nashik's S.N.D. College of Engineering & Reserch, Babulgaon",512424610,Information Technology,GOPENH,107156,64.3453843,Below 80,CAP Round I,2025
5124,"Jagadamba Education Soc. Nashik's S.N.D. College of Engineering & Reserch, Babulgaon",512429310,Electrical Engineering,GOPENH,148758,43.74434,Below 80,CAP Round I,2025
5124,"Jagadamba Education Soc. Nashik's S.N.D. College of Engineering & Reserch, Babulgaon",512461210,Mechanical Engineering,GOPENH,135691,50.9683037,Below 80,CAP Round I,2025
5124,"Jagadamba Education Soc. Nashik's S.N.D. College of Engineering & Reserch, Babulgaon",512462410,Mechatronics Engineering,GOPENH,142050,47.7841578,Below 80,CAP Round I,2025
5124,"Jagadamba Education Soc. Nashik's S.N.D. College of Engineering & Reserch, Babulgaon",512484410,Electronics and Computer Engineering,GOPENH,132125,53.2228937,Below 80,CAP Round I,2025
5125,"Pravara Rural Education Society's Sir Visvesvaraya Institute of Technology, Chincholi Dist. Nashik",512524510,Computer Engineering,GOPENH,88477,71.8197195,Below 80,CAP Round I,2025
5125,"Pravara Rural Education Society's Sir Visvesvaraya Institute of Technology, Chincholi Dist. Nashik",512524610,Information Technology,GOPENH,101554,66.9039004,Below 80,CAP Round I,2025
5125,"Pravara Rural Education Society's Sir Visvesvaraya Institute of Technology, Chincholi Dist. Nashik",512550710,Chemical Engineering,GOPENH,134298,51.7009371,Below 80,CAP Round I,2025
5125,"Pravara Rural Education Society's Sir Visvesvaraya Institute of Technology, Chincholi Dist. Nashik",512584410,Electronics and Computer Engineering,GOPENH,123442,57.4017459,Below 80,CAP Round I,2025
5130,"Brahma Valley College of Engineering & Research, Trimbakeshwar, Nashik",513019110,Civil Engineering,GOPENH,144685,46.6242967,Below 80,CAP Round I,2025
5130,"Brahma Valley College of Engineering & Research, Trimbakeshwar, Nashik",513024510,Computer Engineering,GOPENH,108751,63.5767823,Below 80,CAP Round I,2025
5130,"Brahma Valley College of Engineering & Research, Trimbakeshwar, Nashik",513029310,Electrical Engineering,GOPENH,149142,43.658874,Below 80,CAP Round I,2025
5130,"Brahma Valley College of Engineering & Research, Trimbakeshwar, Nashik",513061210,Mechanical Engineering,GOPENH,154770,40.0432529,Below 80,CAP Round I,2025
5139,"Pravara Rural College of Engineering, Loni, Pravaranagar, Ahmednagar.",513919110,Civil Engineering,GOPENH,104488,65.6692751,Below 80,CAP Round I,2025
5139,"Pravara Rural College of Engineering, Loni, Pravaranagar, Ahmednagar.",513924510,Computer Engineering,GOPENH,47907,85.8461538,80-89.99,CAP Round I,2025
5139,"Pravara Rural College of Engineering, Loni, Pravaranagar, Ahmednagar.",513924610,Information Technology,GOPENH,62340,81.1295102,80-89.99,CAP Round I,2025
5139,"Pravara Rural College of Engineering, Loni, Pravaranagar, Ahmednagar.",513937210,Electronics and Telecommunication Engg,GOPENH,81201,74.6802716,Below 80,CAP Round I,2025
5139,"Pravara Rural College of Engineering, Loni, Pravaranagar, Ahmednagar.",513946410,Instrumentation and Control Engineering,GOPENH,98227,68.2382408,Below 80,CAP Round I,2025
5139,"Pravara Rural College of Engineering, Loni, Pravaranagar, Ahmednagar.",513950710,Chemical Engineering,GOPENH,99081,68.1117918,Below 80,CAP Round I,2025
5139,"Pravara Rural College of Engineering, Loni, Pravaranagar, Ahmednagar.",513961210,Mechanical Engineering,GOPENH,86791,72.6730266,Below 80,CAP Round I,2025
5139,"Pravara Rural College of Engineering, Loni, Pravaranagar, Ahmednagar.",513984410,Electronics and Computer Engineering,GOPENH,71507,78.2396759,Below 80,CAP Round I,2025
5139,"Pravara Rural College of Engineering, Loni, Pravaranagar, Ahmednagar.",513991610,Automation and Robotics,GOPENH,92760,70.5005064,Below 80,CAP Round I,2025
5139,"Pravara Rural College of Engineering, Loni, Pravaranagar, Ahmednagar.",513999510,Artificial Intelligence and Data Science,GOPENH,57078,82.837277,80-89.99,CAP Round I,2025
5151,"MET Bhujbal Knowledge City MET League's Engineering College, Adgaon, Nashik.",515119110,Civil Engineering,GOPENH,95648,69.2179237,Below 80,CAP Round I,2025
5151,"MET Bhujbal Knowledge City MET League's Engineering College, Adgaon, Nashik.",515124510,Computer Engineering,GOPENH,35783,89.4898417,80-89.99,CAP Round I,2025
5151,"MET Bhujbal Knowledge City MET League's Engineering College, Adgaon, Nashik.",515124610,Information Technology,GOPENH,48782,85.4112341,80-89.99,CAP Round I,2025
5151,"MET Bhujbal Knowledge City MET League's Engineering College, Adgaon, Nashik.",515129310,Electrical Engineering,GOPENH,83495,73.6328536,Below 80,CAP Round I,2025
5151,"MET Bhujbal Knowledge City MET League's Engineering College, Adgaon, Nashik.",515137210,Electronics and Telecommunication Engg,GOPENH,64453,80.3575863,80-89.99,CAP Round I,2025
5151,"MET Bhujbal Knowledge City MET League's Engineering College, Adgaon, Nashik.",515161210,Mechanical Engineering,GOPENH,83464,73.6328536,Below 80,CAP Round I,2025
5151,"MET Bhujbal Knowledge City MET League's Engineering College, Adgaon, Nashik.",515184410,Electronics and Computer Engineering,GOPENH,71597,78.2396759,Below 80,CAP Round I,2025
5151,"MET Bhujbal Knowledge City MET League's Engineering College, Adgaon, Nashik.",515199510,Artificial Intelligence and Data Science,GOPENH,46628,85.9982332,80-89.99,CAP Round I,2025
5152,"G H Raisoni College of Engineering and Management, Jalgaon",515219110,Civil Engineering,GOPENS,138335,49.7291102,Below 80,CAP Round I,2025
5152,"G H Raisoni College of Engineering and Management, Jalgaon",515224210,Computer Science and Engineering,GOPENS,89878,71.4842352,Below 80,CAP Round I,2025
5152,"G H Raisoni College of Engineering and Management, Jalgaon",515224610,Information Technology,GOPENS,84084,73.5570613,Below 80,CAP Round I,2025
5152,"G H Raisoni College of Engineering and Management, Jalgaon",515229310,Electrical Engineering,GOPENS,139100,49.4020979,Below 80,CAP Round I,2025
5152,"G H Raisoni College of Engineering and Management, Jalgaon",515237210,Electronics and Telecommunication Engg,GOPENS,100171,67.217709,Below 80,CAP Round I,2025
5152,"G H Raisoni College of Engineering and Management, Jalgaon",515261210,Mechanical Engineering,GOPENS,143858,47.0502678,Below 80,CAP Round I,2025
5152,"G H Raisoni College of Engineering and Management, Jalgaon",515291110,Computer Science and Engineering(Artificial Intelligence and Machine Learning),GOPENS,71419,78.2396759,Below 80,CAP Round I,2025
5152,"G H Raisoni College of Engineering and Management, Jalgaon",515291210,Computer Science and Engineering(Data Science),GOPENS,95491,69.2179237,Below 80,CAP Round I,2025
5152,"G H Raisoni College of Engineering and Management, Jalgaon",515291310,Computer Science and Engineering (Artificial Intelligence),GOPENS,93393,70.2033567,Below 80,CAP Round I,2025
5160,"Sanjivani Rural Education Society's Sanjivani College of Engineering, Kopargaon",516019110,Civil Engineering,GOPENS,79477,75.210728,Below 80,CAP Round I,2025
5160,"Sanjivani Rural Education Society's Sanjivani College of Engineering, Kopargaon",516024610,Information Technology,GOPENS,27614,91.9353149,90-94.99,CAP Round I,2025
5160,"Sanjivani Rural Education Society's Sanjivani College of Engineering, Kopargaon",516029310,Electrical Engineering,GOPENS,51016,84.7618697,80-89.99,CAP Round I,2025
5160,"Sanjivani Rural Education Society's Sanjivani College of Engineering, Kopargaon",516061210,Mechanical Engineering,GOPENS,55198,83.4378744,80-89.99,CAP Round I,2025
5160,"Sanjivani Rural Education Society's Sanjivani College of Engineering, Kopargaon",516062410,Mechatronics Engineering,GOPENS,41560,87.687217,80-89.99,CAP Round I,2025
5160,"Sanjivani Rural Education Society's Sanjivani College of Engineering, Kopargaon",516084410,Electronics and Computer Engineering,GOPENS,34540,89.8520525,80-89.99,CAP Round I,2025
5160,"Sanjivani Rural Education Society's Sanjivani College of Engineering, Kopargaon",516091510,Structural Engineering,GOPENS,84440,73.4722277,Below 80,CAP Round I,2025
5161,"Dr. Vithalrao Vikhe Patil College of Engineering, Ahmednagar",516119110,Civil Engineering,GOPENH,105836,65.3084343,Below 80,CAP Round I,2025
5161,"Dr. Vithalrao Vikhe Patil College of Engineering, Ahmednagar",516124510,Computer Engineering,GOPENH,59216,82.1319232,80-89.99,CAP Round I,2025
5161,"Dr. Vithalrao Vikhe Patil College of Engineering, Ahmednagar",516124610,Information Technology,GOPENH,75232,76.8955509,Below 80,CAP Round I,2025
5161,"Dr. Vithalrao Vikhe Patil College of Engineering, Ahmednagar",516125710,Computer Science and Design,GOPENH,82674,73.8000589,Below 80,CAP Round I,2025
5161,"Dr. Vithalrao Vikhe Patil College of Engineering, Ahmednagar",516129310,Electrical Engineering,GOPENH,107807,64.2631037,Below 80,CAP Round I,2025
5161,"Dr. Vithalrao Vikhe Patil College of Engineering, Ahmednagar",516137210,Electronics and Telecommunication Engg,GOPENH,89201,71.5830116,Below 80,CAP Round I,2025
5161,"Dr. Vithalrao Vikhe Patil College of Engineering, Ahmednagar",516137810,Electronics Engineering ( VLSI Design and Technology),GOPENH,142641,47.3563218,Below 80,CAP Round I,2025
5161,"Dr. Vithalrao Vikhe Patil College of Engineering, Ahmednagar",516161210,Mechanical Engineering,GOPENH,107141,64.3453843,Below 80,CAP Round I,2025
5161,"Dr. Vithalrao Vikhe Patil College of Engineering, Ahmednagar",516199510,Artificial Intelligence and Data Science,GOPENH,64459,80.3575863,80-89.99,CAP Round I,2025
5162,"Amrutvahini Sheti & Shikshan Vikas Sanstha's Amrutvahini College of Engineering, Sangamner",516219110,Civil Engineering,GOPENS,92695,70.5005064,Below 80,CAP Round I,2025
5162,"Amrutvahini Sheti & Shikshan Vikas Sanstha's Amrutvahini College of Engineering, Sangamner",516224510,Computer Engineering,GOPENS,30172,91.082078,90-94.99,CAP Round I,2025
5162,"Amrutvahini Sheti & Shikshan Vikas Sanstha's Amrutvahini College of Engineering, Sangamner",516224610,Information Technology,GOPENS,35193,89.6700597,80-89.99,CAP Round I,2025
5162,"Amrutvahini Sheti & Shikshan Vikas Sanstha's Amrutvahini College of Engineering, Sangamner",516229310,Electrical Engineering,GOPENS,70500,78.4342571,Below 80,CAP Round I,2025
5162,"Amrutvahini Sheti & Shikshan Vikas Sanstha's Amrutvahini College of Engineering, Sangamner",516237210,Electronics and Telecommunication Engg,GOPENS,50004,85.0571556,80-89.99,CAP Round I,2025
5162,"Amrutvahini Sheti & Shikshan Vikas Sanstha's Amrutvahini College of Engineering, Sangamner",516261210,Mechanical Engineering,GOPENS,70882,78.3357644,Below 80,CAP Round I,2025
5162,"Amrutvahini Sheti & Shikshan Vikas Sanstha's Amrutvahini College of Engineering, Sangamner",516284410,Electronics and Computer Engineering,GOPENS,52226,84.3296195,80-89.99,CAP Round I,2025
5162,"Amrutvahini Sheti & Shikshan Vikas Sanstha's Amrutvahini College of Engineering, Sangamner",516291610,Automation and Robotics,GOPENS,60144,81.8021201,80-89.99,CAP Round I,2025
5162,"Amrutvahini Sheti & Shikshan Vikas Sanstha's Amrutvahini College of Engineering, Sangamner",516299510,Artificial Intelligence and Data Science,GOPENS,38324,88.680102,80-89.99,CAP Round I,2025
5164,"P.S.G.V.P. Mandal's D.N. Patel College of Engineering, Shahada, Dist. Nandurbar",516419110,Civil Engineering,GOPENH,194858,10.26398,Below 80,CAP Round I,2025
5164,"P.S.G.V.P. Mandal's D.N. Patel College of Engineering, Shahada, Dist. Nandurbar",516424510,Computer Engineering,GOPENH,136275,50.7016833,Below 80,CAP Round I,2025
5164,"P.S.G.V.P. Mandal's D.N. Patel College of Engineering, Shahada, Dist. Nandurbar",516429310,Electrical Engineering,GOPENH,197835,7.1701886,Below 80,CAP Round I,2025
5164,"P.S.G.V.P. Mandal's D.N. Patel College of Engineering, Shahada, Dist. Nandurbar",516437210,Electronics and Telecommunication Engg,GOPENH,178089,24.8659004,Below 80,CAP Round I,2025
5164,"P.S.G.V.P. Mandal's D.N. Patel College of Engineering, Shahada, Dist. Nandurbar",516446610,Instrumentation Engineering,GOPENH,181172,22.1118881,Below 80,CAP Round I,2025
5164,"P.S.G.V.P. Mandal's D.N. Patel College of Engineering, Shahada, Dist. Nandurbar",516461210,Mechanical Engineering,GOPENH,197745,7.1923077,Below 80,CAP Round I,2025
5164,"P.S.G.V.P. Mandal's D.N. Patel College of Engineering, Shahada, Dist. Nandurbar",516499510,Artificial Intelligence and Data Science,GOPENH,126541,55.6405756,Below 80,CAP Round I,2025
5168,"T.M.E. Society's J.T.Mahajan College of Engineering, Faizpur",516819110,Civil Engineering,GOPENH,168600,32.0008834,Below 80,CAP Round I,2025
5168,"T.M.E. Society's J.T.Mahajan College of Engineering, Faizpur",516824510,Computer Engineering,GOPENH,130464,53.7591782,Below 80,CAP Round I,2025
5168,"T.M.E. Society's J.T.Mahajan College of Engineering, Faizpur",516837210,Electronics and Telecommunication Engg,GOPENH,180451,22.3617813,Below 80,CAP Round I,2025
5168,"T.M.E. Society's J.T.Mahajan College of Engineering, Faizpur",516861210,Mechanical Engineering,GOPENH,203583,0.2504871,Below 80,CAP Round I,2025
5169,"Nagaon Education Society's Gangamai College of Engineering, Nagaon, Tal Dist Dhule",516919110,Civil Engineering,GOPENH,164833,33.6209084,Below 80,CAP Round I,2025
5169,"Nagaon Education Society's Gangamai College of Engineering, Nagaon, Tal Dist Dhule",516924510,Computer Engineering,GOPENH,117055,60.3213757,Below 80,CAP Round I,2025
5169,"Nagaon Education Society's Gangamai College of Engineering, Nagaon, Tal Dist Dhule",516929310,Electrical Engineering,GOPENH,153919,40.6822054,Below 80,CAP Round I,2025
5169,"Nagaon Education Society's Gangamai College of Engineering, Nagaon, Tal Dist Dhule",516937210,Electronics and Telecommunication Engg,GOPENH,154330,40.0936536,Below 80,CAP Round I,2025
5169,"Nagaon Education Society's Gangamai College of Engineering, Nagaon, Tal Dist Dhule",516961210,Mechanical Engineering,GOPENH,155405,39.7546871,Below 80,CAP Round I,2025
5170,"Hindi Seva Mandal's Shri Sant Gadgebaba College of Engineering & Technology, Bhusawal",517019110,Civil Engineering,GOPENS,202209,2.1515141,Below 80,CAP Round I,2025
5170,"Hindi Seva Mandal's Shri Sant Gadgebaba College of Engineering & Technology, Bhusawal",517024210,Computer Science and Engineering,GOPENS,149011,43.658874,Below 80,CAP Round I,2025
5170,"Hindi Seva Mandal's Shri Sant Gadgebaba College of Engineering & Technology, Bhusawal",517029310,Electrical Engineering,GOPENS,201922,2.5131625,Below 80,CAP Round I,2025
5170,"Hindi Seva Mandal's Shri Sant Gadgebaba College of Engineering & Technology, Bhusawal",517037210,Electronics and Telecommunication Engg,GOPENS,164816,33.6209084,Below 80,CAP Round I,2025
5170,"Hindi Seva Mandal's Shri Sant Gadgebaba College of Engineering & Technology, Bhusawal",517061210,Mechanical Engineering,GOPENS,202151,2.3662516,Below 80,CAP Round I,2025
5170,"Hindi Seva Mandal's Shri Sant Gadgebaba College of Engineering & Technology, Bhusawal",517084410,Electronics and Computer Engineering,GOPENS,169658,31.5596589,Below 80,CAP Round I,2025
5170,"Hindi Seva Mandal's Shri Sant Gadgebaba College of Engineering & Technology, Bhusawal",517091210,Computer Science and Engineering(Data Science),GOPENS,157370,39.2328654,Below 80,CAP Round I,2025
5171,"Godavari Foundation's Godavari College Of Engineering, Jalgaon",517124510,Computer Engineering,GOPENH,110575,63.200058,Below 80,CAP Round I,2025
5171,"Godavari Foundation's Godavari College Of Engineering, Jalgaon",517126310,Artificial Intelligence (AI) and Data Science,GOPENH,110936,62.918458,Below 80,CAP Round I,2025
5171,"Godavari Foundation's Godavari College Of Engineering, Jalgaon",517129310,Electrical Engineering,GOPENH,174020,28.2789485,Below 80,CAP Round I,2025
5171,"Godavari Foundation's Godavari College Of Engineering, Jalgaon",517137210,Electronics and Telecommunication Engg,GOPENH,143128,47.13962,Below 80,CAP Round I,2025
5171,"Godavari Foundation's Godavari College Of Engineering, Jalgaon",517161210,Mechanical Engineering,GOPENH,174038,28.2789485,Below 80,CAP Round I,2025
5172,"R. C. Patel Institute of Technology, Shirpur",517219110,Civil Engineering,GOPENS,106188,64.7148712,Below 80,CAP Round I,2025
5172,"R. C. Patel Institute of Technology, Shirpur",517224510,Computer Engineering,GOPENS,42681,87.3196408,80-89.99,CAP Round I,2025
5172,"R. C. Patel Institute of Technology, Shirpur",517224610,Information Technology,GOPENS,53015,84.0903324,80-89.99,CAP Round I,2025
5172,"R. C. Patel Institute of Technology, Shirpur",517229310,Electrical Engineering,GOPENS,86642,72.6730266,Below 80,CAP Round I,2025
5172,"R. C. Patel Institute of Technology, Shirpur",517237210,Electronics and Telecommunication Engg,GOPENS,64805,80.3531469,80-89.99,CAP Round I,2025
5172,"R. C. Patel Institute of Technology, Shirpur",517261210,Mechanical Engineering,GOPENS,94079,69.8498837,Below 80,CAP Round I,2025
5172,"R. C. Patel Institute of Technology, Shirpur",517291210,Computer Science and Engineering(Data Science),GOPENS,52976,84.0903324,80-89.99,CAP Round I,2025
5172,"R. C. Patel Institute of Technology, Shirpur",517292110,Artificial Intelligence and Machine Learning,GOPENS,48491,85.5207245,80-89.99,CAP Round I,2025
5172,"R. C. Patel Institute of Technology, Shirpur",517299510,Artificial Intelligence and Data Science,GOPENS,55420,83.3397246,80-89.99,CAP Round I,2025
5173,"SNJB's Late Sau. Kantabai Bhavarlalji Jain College of Engineering, (Jain Gurukul), Neminagar,Chandwad,(Nashik)",517319110,Civil Engineering,GOPENS,113791,61.5619516,Below 80,CAP Round I,2025
5173,"SNJB's Late Sau. Kantabai Bhavarlalji Jain College of Engineering, (Jain Gurukul), Neminagar,Chandwad,(Nashik)",517324510,Computer Engineering,GOPENS,67201,79.6925092,Below 80,CAP Round I,2025
5173,"SNJB's Late Sau. Kantabai Bhavarlalji Jain College of Engineering, (Jain Gurukul), Neminagar,Chandwad,(Nashik)",517337210,Electronics and Telecommunication Engg,GOPENS,77679,75.652265,Below 80,CAP Round I,2025
5173,"SNJB's Late Sau. Kantabai Bhavarlalji Jain College of Engineering, (Jain Gurukul), Neminagar,Chandwad,(Nashik)",517361210,Mechanical Engineering,GOPENS,95962,69.0979021,Below 80,CAP Round I,2025
5173,"SNJB's Late Sau. Kantabai Bhavarlalji Jain College of Engineering, (Jain Gurukul), Neminagar,Chandwad,(Nashik)",517399510,Artificial Intelligence and Data Science,GOPENS,68906,78.6729363,Below 80,CAP Round I,2025
5177,"Matoshri College of Engineering and Research Centre, Eklahare, Nashik",517719110,Civil Engineering,GOPENS,134419,51.7009371,Below 80,CAP Round I,2025
5177,"Matoshri College of Engineering and Research Centre, Eklahare, Nashik",517724510,Computer Engineering,GOPENS,83225,73.6345056,Below 80,CAP Round I,2025
5177,"Matoshri College of Engineering and Research Centre, Eklahare, Nashik",517724610,Information Technology,GOPENS,96510,68.9620341,Below 80,CAP Round I,2025
5177,"Matoshri College of Engineering and Research Centre, Eklahare, Nashik",517729310,Electrical Engineering,GOPENS,117202,60.2517483,Below 80,CAP Round I,2025
5177,"Matoshri College of Engineering and Research Centre, Eklahare, Nashik",517737210,Electronics and Telecommunication Engg,GOPENS,102760,66.2972028,Below 80,CAP Round I,2025
5177,"Matoshri College of Engineering and Research Centre, Eklahare, Nashik",517761210,Mechanical Engineering,GOPENS,123381,57.4017459,Below 80,CAP Round I,2025
5177,"Matoshri College of Engineering and Research Centre, Eklahare, Nashik",517784410,Electronics and Computer Engineering,GOPENS,123089,57.4376852,Below 80,CAP Round I,2025
5177,"Matoshri College of Engineering and Research Centre, Eklahare, Nashik",517799510,Artificial Intelligence and Data Science,GOPENS,92290,70.507201,Below 80,CAP Round I,2025
5179,"Vishwabharati Academy's College of Engineering, Ahmednagar",517919110,Civil Engineering,GOPENH,198068,7.1251441,Below 80,CAP Round I,2025
5179,"Vishwabharati Academy's College of Engineering, Ahmednagar",517924510,Computer Engineering,GOPENH,113543,61.6834321,Below 80,CAP Round I,2025
5179,"Vishwabharati Academy's College of Engineering, Ahmednagar",517926310,Artificial Intelligence (AI) and Data Science,GOPENH,125348,56.5039753,Below 80,CAP Round I,2025
5179,"Vishwabharati Academy's College of Engineering, Ahmednagar",517929310,Electrical Engineering,GOPENH,202265,2.1142459,Below 80,CAP Round I,2025
5179,"Vishwabharati Academy's College of Engineering, Ahmednagar",517961210,Mechanical Engineering,GOPENH,172149,28.9513426,Below 80,CAP Round I,2025
5179,"Vishwabharati Academy's College of Engineering, Ahmednagar",517984410,Electronics and Computer Engineering,GOPENH,186373,18.1456181,Below 80,CAP Round I,2025
5181,"Gokhale Education Society's, R.H. Sapat College of Engineering, Management Studies and Research, Nashik",518119110,Civil Engineering,GOPENH,113500,61.6834321,Below 80,CAP Round I,2025
5181,"Gokhale Education Society's, R.H. Sapat College of Engineering, Management Studies and Research, Nashik",518124510,Computer Engineering,GOPENH,52427,84.3018999,80-89.99,CAP Round I,2025
5181,"Gokhale Education Society's, R.H. Sapat College of Engineering, Management Studies and Research, Nashik",518129310,Electrical Engineering,GOPENH,112143,62.1365556,Below 80,CAP Round I,2025
5181,"Gokhale Education Society's, R.H. Sapat College of Engineering, Management Studies and Research, Nashik",518137210,Electronics and Telecommunication Engg,GOPENH,86644,72.6730266,Below 80,CAP Round I,2025
5181,"Gokhale Education Society's, R.H. Sapat College of Engineering, Management Studies and Research, Nashik",518161210,Mechanical Engineering,GOPENH,107927,63.8244514,Below 80,CAP Round I,2025
5181,"Gokhale Education Society's, R.H. Sapat College of Engineering, Management Studies and Research, Nashik",518199510,Artificial Intelligence and Data Science,GOPENH,55409,83.3397246,80-89.99,CAP Round I,2025
5182,"Kalyani Charitable Trust, Late Gambhirrao Natuba Sapkal College of Engineering, Anjaneri, Trimbakeshwar Road, Nashik",518219110,Civil Engineering,GOPENH,150692,43.031473,Below 80,CAP Round I,2025
5182,"Kalyani Charitable Trust, Late Gambhirrao Natuba Sapkal College of Engineering, Anjaneri, Trimbakeshwar Road, Nashik",518224510,Computer Engineering,GOPENH,108802,63.5767823,Below 80,CAP Round I,2025
5182,"Kalyani Charitable Trust, Late Gambhirrao Natuba Sapkal College of Engineering, Anjaneri, Trimbakeshwar Road, Nashik",518226310,Artificial Intelligence (AI) and Data Science,GOPENH,115235,60.8775137,Below 80,CAP Round I,2025
5182,"Kalyani Charitable Trust, Late Gambhirrao Natuba Sapkal College of Engineering, Anjaneri, Trimbakeshwar Road, Nashik",518229310,Electrical Engineering,GOPENH,139088,49.4020979,Below 80,CAP Round I,2025
5182,"Kalyani Charitable Trust, Late Gambhirrao Natuba Sapkal College of Engineering, Anjaneri, Trimbakeshwar Road, Nashik",518237210,Electronics and Telecommunication Engg,GOPENH,120625,58.4401523,Below 80,CAP Round I,2025
5182,"Kalyani Charitable Trust, Late Gambhirrao Natuba Sapkal College of Engineering, Anjaneri, Trimbakeshwar Road, Nashik",518261210,Mechanical Engineering,GOPENH,136886,50.5909012,Below 80,CAP Round I,2025
5184,"Amruta Vaishnavi Education & Welfare Trust's Shatabdi Institute of Engineering & Research, Agaskhind Tal. Sinnar",518419110,Civil Engineering,GOPENH,165084,33.465035,Below 80,CAP Round I,2025
5184,"Amruta Vaishnavi Education & Welfare Trust's Shatabdi Institute of Engineering & Research, Agaskhind Tal. Sinnar",518424510,Computer Engineering,GOPENH,116204,60.4378874,Below 80,CAP Round I,2025
5184,"Amruta Vaishnavi Education & Welfare Trust's Shatabdi Institute of Engineering & Research, Agaskhind Tal. Sinnar",518429310,Electrical Engineering,GOPENH,172978,28.4151863,Below 80,CAP Round I,2025
5184,"Amruta Vaishnavi Education & Welfare Trust's Shatabdi Institute of Engineering & Research, Agaskhind Tal. Sinnar",518437210,Electronics and Telecommunication Engg,GOPENH,148800,43.74434,Below 80,CAP Round I,2025
5184,"Amruta Vaishnavi Education & Welfare Trust's Shatabdi Institute of Engineering & Research, Agaskhind Tal. Sinnar",518461210,Mechanical Engineering,GOPENH,168025,32.1281783,Below 80,CAP Round I,2025
5223,"SMT. SHARCHCHANDRIKA SURESH PATIL INSTITUTE OF TECHNOLOGY (ENGINEERING & POLYTECHNIC), CHOPDA",522324510,Computer Engineering,GOPENH,122019,57.6249683,Below 80,CAP Round I,2025
5223,"SMT. SHARCHCHANDRIKA SURESH PATIL INSTITUTE OF TECHNOLOGY (ENGINEERING & POLYTECHNIC), CHOPDA",522329310,Electrical Engineering,GOPENH,201677,2.800418,Below 80,CAP Round I,2025
5223,"SMT. SHARCHCHANDRIKA SURESH PATIL INSTITUTE OF TECHNOLOGY (ENGINEERING & POLYTECHNIC), CHOPDA",522337210,Electronics and Telecommunication Engg,GOPENH,173935,28.2789485,Below 80,CAP Round I,2025
5223,"SMT. SHARCHCHANDRIKA SURESH PATIL INSTITUTE OF TECHNOLOGY (ENGINEERING & POLYTECHNIC), CHOPDA",522361210,Mechanical Engineering,GOPENH,200755,3.9396716,Below 80,CAP Round I,2025
5239,JAMIA INSTITUTE OF TECHNOLOGY,523919110,Civil Engineering,GOPENH,196488,8.672418,Below 80,CAP Round I,2025
5239,JAMIA INSTITUTE OF TECHNOLOGY,523961210,Mechanical Engineering,GOPENH,190538,14.0584844,Below 80,CAP Round I,2025
5244,"MET's Institute of Technology Polytechnic, Bhujbal Knowledge City, Adgaon Nashik",524425710,Computer Science and Design,GOPENH,68947,78.6729363,Below 80,CAP Round I,2025
5244,"MET's Institute of Technology Polytechnic, Bhujbal Knowledge City, Adgaon Nashik",524491610,Automation and Robotics,GOPENH,77920,75.6075065,Below 80,CAP Round I,2025
5244,"MET's Institute of Technology Polytechnic, Bhujbal Knowledge City, Adgaon Nashik",524492210,Civil and Environmental Engineering,GOPENH,146198,45.8266058,Below 80,CAP Round I,2025
5249,"Trimurti Shikshan Prasarak Mandal, Trimurti Institute Of Technology, Paladhi Bk, Jalgaon",524919110,Civil Engineering,GOPENH,182826,21.3037657,Below 80,CAP Round I,2025
5249,"Trimurti Shikshan Prasarak Mandal, Trimurti Institute Of Technology, Paladhi Bk, Jalgaon",524924510,Computer Engineering,GOPENH,153223,41.4458186,Below 80,CAP Round I,2025
5249,"Trimurti Shikshan Prasarak Mandal, Trimurti Institute Of Technology, Paladhi Bk, Jalgaon",524929310,Electrical Engineering,GOPENH,201338,3.2027737,Below 80,CAP Round I,2025
5263,"Matoshri Education Soceity, Matoshri Institute Of Technology, Dhanore, Nashik",526324510,Computer Engineering,GOPENH,118820,59.2797111,Below 80,CAP Round I,2025
5263,"Matoshri Education Soceity, Matoshri Institute Of Technology, Dhanore, Nashik",526329310,Electrical Engineering,GOPENH,153517,41.4020979,Below 80,CAP Round I,2025
5263,"Matoshri Education Soceity, Matoshri Institute Of Technology, Dhanore, Nashik",526337210,Electronics and Telecommunication Engg,GOPENH,160373,36.226012,Below 80,CAP Round I,2025
5303,"Hon. Shri. Babanrao Pachpute Vichardhara Trust, Group of Institutions (Integrated Campus)-Parikrama, Kashti Shrigondha,",530319110,Civil Engineering,GOPENH,153357,41.4020979,Below 80,CAP Round I,2025
5303,"Hon. Shri. Babanrao Pachpute Vichardhara Trust, Group of Institutions (Integrated Campus)-Parikrama, Kashti Shrigondha,",530324510,Computer Engineering,GOPENH,100443,67.1459332,Below 80,CAP Round I,2025
5303,"Hon. Shri. Babanrao Pachpute Vichardhara Trust, Group of Institutions (Integrated Campus)-Parikrama, Kashti Shrigondha,",530329310,Electrical Engineering,GOPENH,154888,40.0432529,Below 80,CAP Round I,2025
5303,"Hon. Shri. Babanrao Pachpute Vichardhara Trust, Group of Institutions (Integrated Campus)-Parikrama, Kashti Shrigondha,",530361210,Mechanical Engineering,GOPENH,146080,45.8266058,Below 80,CAP Round I,2025
5303,"Hon. Shri. Babanrao Pachpute Vichardhara Trust, Group of Institutions (Integrated Campus)-Parikrama, Kashti Shrigondha,",530384410,Electronics and Computer Engineering,GOPENH,125813,55.9381337,Below 80,CAP Round I,2025
5330,"PUNE VIDYARTHI GRIHA’S COLLEGE OF ENGINEERING & SHRIKRUSHNA S. DHAMANKAR INSTITUTE OF MANAGEMENT, NASHIK",533024510,Computer Engineering,GOPENH,46003,86.3462208,80-89.99,CAP Round I,2025
5330,"PUNE VIDYARTHI GRIHA’S COLLEGE OF ENGINEERING & SHRIKRUSHNA S. DHAMANKAR INSTITUTE OF MANAGEMENT, NASHIK",533024610,Information Technology,GOPENH,70419,78.4342571,Below 80,CAP Round I,2025
5330,"PUNE VIDYARTHI GRIHA’S COLLEGE OF ENGINEERING & SHRIKRUSHNA S. DHAMANKAR INSTITUTE OF MANAGEMENT, NASHIK",533037210,Electronics and Telecommunication Engg,GOPENH,74506,76.9322569,Below 80,CAP Round I,2025
5330,"PUNE VIDYARTHI GRIHA’S COLLEGE OF ENGINEERING & SHRIKRUSHNA S. DHAMANKAR INSTITUTE OF MANAGEMENT, NASHIK",533061210,Mechanical Engineering,GOPENH,109671,63.3986014,Below 80,CAP Round I,2025
5330,"PUNE VIDYARTHI GRIHA’S COLLEGE OF ENGINEERING & SHRIKRUSHNA S. DHAMANKAR INSTITUTE OF MANAGEMENT, NASHIK",533099510,Artificial Intelligence and Data Science,GOPENH,57101,82.837277,80-89.99,CAP Round I,2025
5331,"Sandip Foundation's, Sandip Institute of Engineering & Management, Nashik",533119110,Civil Engineering,GOPENH,129703,54.1537389,Below 80,CAP Round I,2025
5331,"Sandip Foundation's, Sandip Institute of Engineering & Management, Nashik",533124510,Computer Engineering,GOPENH,81746,74.5404987,Below 80,CAP Round I,2025
5331,"Sandip Foundation's, Sandip Institute of Engineering & Management, Nashik",533124610,Information Technology,GOPENH,83867,73.6159498,Below 80,CAP Round I,2025
5331,"Sandip Foundation's, Sandip Institute of Engineering & Management, Nashik",533129310,Electrical Engineering,GOPENH,126427,55.6405756,Below 80,CAP Round I,2025
5331,"Sandip Foundation's, Sandip Institute of Engineering & Management, Nashik",533137210,Electronics and Telecommunication Engg,GOPENH,98005,68.3753318,Below 80,CAP Round I,2025
5331,"Sandip Foundation's, Sandip Institute of Engineering & Management, Nashik",533161210,Mechanical Engineering,GOPENH,124256,56.8426573,Below 80,CAP Round I,2025
5331,"Sandip Foundation's, Sandip Institute of Engineering & Management, Nashik",533199510,Artificial Intelligence and Data Science,GOPENH,77665,75.652265,Below 80,CAP Round I,2025
5365,"Vardhaman Education & Welfare Society, Ahinsa Institute of Technology, Post. Dondaicha, Dhule",536519110,Civil Engineering,GOPENH,196953,7.9877752,Below 80,CAP Round I,2025
5365,"Vardhaman Education & Welfare Society, Ahinsa Institute of Technology, Post. Dondaicha, Dhule",536525110,Computer Technology,GOPENH,147623,44.2599775,Below 80,CAP Round I,2025
5365,"Vardhaman Education & Welfare Society, Ahinsa Institute of Technology, Post. Dondaicha, Dhule",536529310,Electrical Engineering,GOPENH,196021,9.0142807,Below 80,CAP Round I,2025
5365,"Vardhaman Education & Welfare Society, Ahinsa Institute of Technology, Post. Dondaicha, Dhule",536561210,Mechanical Engineering,GOPENH,200920,3.6022425,Below 80,CAP Round I,2025
5365,"Vardhaman Education & Welfare Society, Ahinsa Institute of Technology, Post. Dondaicha, Dhule",536592110,Artificial Intelligence and Machine Learning,GOPENH,148521,43.74434,Below 80,CAP Round I,2025
5370,"Kedareshwar Gramin Vikas Pratishthan, Samajbhushan Eknathrao Dhakane College, of Engineering, Shevgaon",537019110,Civil Engineering,GOPENH,165464,33.0802795,Below 80,CAP Round I,2025
5370,"Kedareshwar Gramin Vikas Pratishthan, Samajbhushan Eknathrao Dhakane College, of Engineering, Shevgaon",537024510,Computer Engineering,GOPENH,203057,1.0819823,Below 80,CAP Round I,2025
5370,"Kedareshwar Gramin Vikas Pratishthan, Samajbhushan Eknathrao Dhakane College, of Engineering, Shevgaon",537029310,Electrical Engineering,GOPENH,194567,10.4252003,Below 80,CAP Round I,2025
5370,"Kedareshwar Gramin Vikas Pratishthan, Samajbhushan Eknathrao Dhakane College, of Engineering, Shevgaon",537061210,Mechanical Engineering,GOPENH,193539,11.4786688,Below 80,CAP Round I,2025
5370,"Kedareshwar Gramin Vikas Pratishthan, Samajbhushan Eknathrao Dhakane College, of Engineering, Shevgaon",537099510,Artificial Intelligence and Data Science,GOPENH,175770,25.8355418,Below 80,CAP Round I,2025
5380,"Adsul's Technical Campus, Chas Dist. Ahmednagar",538019110,Civil Engineering,GOPENH,187656,16.5233632,Below 80,CAP Round I,2025
5380,"Adsul's Technical Campus, Chas Dist. Ahmednagar",538024510,Computer Engineering,GOPENH,142466,47.3563218,Below 80,CAP Round I,2025
5380,"Adsul's Technical Campus, Chas Dist. Ahmednagar",538024610,Information Technology,GOPENH,168791,31.9280223,Below 80,CAP Round I,2025
5380,"Adsul's Technical Campus, Chas Dist. Ahmednagar",538029310,Electrical Engineering,GOPENH,192870,11.8670556,Below 80,CAP Round I,2025
5380,"Adsul's Technical Campus, Chas Dist. Ahmednagar",538037210,Electronics and Telecommunication Engg,GOPENH,171259,29.2375397,Below 80,CAP Round I,2025
5380,"Adsul's Technical Campus, Chas Dist. Ahmednagar",538061210,Mechanical Engineering,GOPENH,170012,30.26063,Below 80,CAP Round I,2025
5380,"Adsul's Technical Campus, Chas Dist. Ahmednagar",538099510,Artificial Intelligence and Data Science,GOPENH,150979,43.031473,Below 80,CAP Round I,2025
5381,"Shri. Jaykumar Rawal Institute of Technology, Dondaicha.",538119110,Civil Engineering,GOPENH,179830,22.8933117,Below 80,CAP Round I,2025
5381,"Shri. Jaykumar Rawal Institute of Technology, Dondaicha.",538124210,Computer Science and Engineering,GOPENH,142449,47.3563218,Below 80,CAP Round I,2025
5381,"Shri. Jaykumar Rawal Institute of Technology, Dondaicha.",538129310,Electrical Engineering,GOPENH,169383,31.9226076,Below 80,CAP Round I,2025
5381,"Shri. Jaykumar Rawal Institute of Technology, Dondaicha.",538161210,Mechanical Engineering,GOPENH,174539,26.7336064,Below 80,CAP Round I,2025
5381,"Shri. Jaykumar Rawal Institute of Technology, Dondaicha.",538199510,Artificial Intelligence and Data Science,GOPENH,149809,43.4652257,Below 80,CAP Round I,2025
5382,"Ahmednagar Jilha Maratha Vidya Prasarak Samajache, Shri. Chhatrapati Shivaji Maharaj College of Engineering, Nepti",538219110,Civil Engineering,GOPENH,186730,17.7120141,Below 80,CAP Round I,2025
5382,"Ahmednagar Jilha Maratha Vidya Prasarak Samajache, Shri. Chhatrapati Shivaji Maharaj College of Engineering, Nepti",538221910,Robotics and Automation,GOPENH,145994,45.8266058,Below 80,CAP Round I,2025
5382,"Ahmednagar Jilha Maratha Vidya Prasarak Samajache, Shri. Chhatrapati Shivaji Maharaj College of Engineering, Nepti",538224510,Computer Engineering,GOPENH,89421,71.5562808,Below 80,CAP Round I,2025
5382,"Ahmednagar Jilha Maratha Vidya Prasarak Samajache, Shri. Chhatrapati Shivaji Maharaj College of Engineering, Nepti",538226310,Artificial Intelligence (AI) and Data Science,GOPENH,115318,60.8775137,Below 80,CAP Round I,2025
5382,"Ahmednagar Jilha Maratha Vidya Prasarak Samajache, Shri. Chhatrapati Shivaji Maharaj College of Engineering, Nepti",538237210,Electronics and Telecommunication Engg,GOPENH,132168,53.2228937,Below 80,CAP Round I,2025
5382,"Ahmednagar Jilha Maratha Vidya Prasarak Samajache, Shri. Chhatrapati Shivaji Maharaj College of Engineering, Nepti",538261210,Mechanical Engineering,GOPENH,142364,47.3563218,Below 80,CAP Round I,2025
5382,"Ahmednagar Jilha Maratha Vidya Prasarak Samajache, Shri. Chhatrapati Shivaji Maharaj College of Engineering, Nepti",538292110,Artificial Intelligence and Machine Learning,GOPENH,112015,62.1412608,Below 80,CAP Round I,2025
5390,"K.V.N. Naik S. P. Sansth's Loknete Gopinathji Munde Institute of Engineering Education & Research, Nashik.",539019110,Civil Engineering,GOPENH,140292,49.1540892,Below 80,CAP Round I,2025
5390,"K.V.N. Naik S. P. Sansth's Loknete Gopinathji Munde Institute of Engineering Education & Research, Nashik.",539024510,Computer Engineering,GOPENH,74742,76.9213781,Below 80,CAP Round I,2025
5390,"K.V.N. Naik S. P. Sansth's Loknete Gopinathji Munde Institute of Engineering Education & Research, Nashik.",539024610,Information Technology,GOPENH,91086,71.0971787,Below 80,CAP Round I,2025
5390,"K.V.N. Naik S. P. Sansth's Loknete Gopinathji Munde Institute of Engineering Education & Research, Nashik.",539029310,Electrical Engineering,GOPENH,134011,51.7009371,Below 80,CAP Round I,2025
5390,"K.V.N. Naik S. P. Sansth's Loknete Gopinathji Munde Institute of Engineering Education & Research, Nashik.",539061210,Mechanical Engineering,GOPENH,132848,52.5968356,Below 80,CAP Round I,2025
5390,"K.V.N. Naik S. P. Sansth's Loknete Gopinathji Munde Institute of Engineering Education & Research, Nashik.",539092110,Artificial Intelligence and Machine Learning,GOPENH,95198,69.3295893,Below 80,CAP Round I,2025
5395,Ashok Institute of Engineering & Technology,539524510,Computer Engineering,GOPENH,151750,42.7403863,Below 80,CAP Round I,2025
5395,Ashok Institute of Engineering & Technology,539537210,Electronics and Telecommunication Engg,GOPENH,194518,10.4252003,Below 80,CAP Round I,2025
5395,Ashok Institute of Engineering & Technology,539561210,Mechanical Engineering,GOPENH,201791,2.6996938,Below 80,CAP Round I,2025
5396,"College of Engineering and Technology ,North Maharashtra Knowledge City, Jalgaon",539619110,Civil Engineering,GOPENH,150050,43.4652257,Below 80,CAP Round I,2025
5396,"College of Engineering and Technology ,North Maharashtra Knowledge City, Jalgaon",539624510,Computer Engineering,GOPENH,103680,65.8992965,Below 80,CAP Round I,2025
5396,"College of Engineering and Technology ,North Maharashtra Knowledge City, Jalgaon",539629310,Electrical Engineering,GOPENH,186865,17.6786167,Below 80,CAP Round I,2025
5396,"College of Engineering and Technology ,North Maharashtra Knowledge City, Jalgaon",539661210,Mechanical Engineering,GOPENH,160331,36.226012,Below 80,CAP Round I,2025
5399,"Sanghavi College of Engineering, Varvandi, Nashik.",539919110,Civil Engineering,GOPENH,162236,35.9295868,Below 80,CAP Round I,2025
5399,"Sanghavi College of Engineering, Varvandi, Nashik.",539924510,Computer Engineering,GOPENH,114878,60.9090909,Below 80,CAP Round I,2025
5399,"Sanghavi College of Engineering, Varvandi, Nashik.",539924610,Information Technology,GOPENH,127742,55.1895416,Below 80,CAP Round I,2025
5399,"Sanghavi College of Engineering, Varvandi, Nashik.",539929310,Electrical Engineering,GOPENH,176370,25.5643537,Below 80,CAP Round I,2025
5399,"Sanghavi College of Engineering, Varvandi, Nashik.",539961210,Mechanical Engineering,GOPENH,161450,36.0836122,Below 80,CAP Round I,2025
5399,"Sanghavi College of Engineering, Varvandi, Nashik.",539992110,Artificial Intelligence and Machine Learning,GOPENH,123886,57.0133407,Below 80,CAP Round I,2025
5401,"Jawahar Education Society's Institute of Technology, Management & Research, Nashik.",540119110,Civil Engineering,GOPENH,152909,41.7471281,Below 80,CAP Round I,2025
5401,"Jawahar Education Society's Institute of Technology, Management & Research, Nashik.",540124510,Computer Engineering,GOPENH,121080,58.2180677,Below 80,CAP Round I,2025
5401,"Jawahar Education Society's Institute of Technology, Management & Research, Nashik.",540124610,Information Technology,GOPENH,139266,49.3416227,Below 80,CAP Round I,2025
5401,"Jawahar Education Society's Institute of Technology, Management & Research, Nashik.",540126310,Artificial Intelligence (AI) and Data Science,GOPENH,129913,54.0903901,Below 80,CAP Round I,2025
5401,"Jawahar Education Society's Institute of Technology, Management & Research, Nashik.",540129310,Electrical Engineering,GOPENH,159245,37.6293706,Below 80,CAP Round I,2025
5401,"Jawahar Education Society's Institute of Technology, Management & Research, Nashik.",540161210,Mechanical Engineering,GOPENH,147541,44.5303298,Below 80,CAP Round I,2025
5401,"Jawahar Education Society's Institute of Technology, Management & Research, Nashik.",540184410,Electronics and Computer Engineering,GOPENH,158591,38.3392226,Below 80,CAP Round I,2025
5401,"Jawahar Education Society's Institute of Technology, Management & Research, Nashik.",540191610,Automation and Robotics,GOPENH,147545,44.5303298,Below 80,CAP Round I,2025
5408,"Vidya Niketan College of Engineering, Bota Sangamner",540819110,Civil Engineering,GOPENH,186732,17.7120141,Below 80,CAP Round I,2025
5408,"Vidya Niketan College of Engineering, Bota Sangamner",540824510,Computer Engineering,GOPENH,153437,41.4020979,Below 80,CAP Round I,2025
5408,"Vidya Niketan College of Engineering, Bota Sangamner",540829310,Electrical Engineering,GOPENH,203067,1.0819823,Below 80,CAP Round I,2025
5408,"Vidya Niketan College of Engineering, Bota Sangamner",540837210,Electronics and Telecommunication Engg,GOPENH,195553,9.5951969,Below 80,CAP Round I,2025
5408,"Vidya Niketan College of Engineering, Bota Sangamner",540861210,Mechanical Engineering,GOPENH,197973,7.1465923,Below 80,CAP Round I,2025
5409,"Rajiv Gandhi College of Engineering, At Post Karjule Hariya Tal.Parner, Dist.Ahmednagar",540924510,Computer Engineering,GOPENH,190250,14.3147873,Below 80,CAP Round I,2025
5409,"Rajiv Gandhi College of Engineering, At Post Karjule Hariya Tal.Parner, Dist.Ahmednagar",540929310,Electrical Engineering,GOPENH,136319,50.7016833,Below 80,CAP Round I,2025
5409,"Rajiv Gandhi College of Engineering, At Post Karjule Hariya Tal.Parner, Dist.Ahmednagar",540937210,Electronics and Telecommunication Engg,GOPENH,188813,15.820115,Below 80,CAP Round I,2025
5409,"Rajiv Gandhi College of Engineering, At Post Karjule Hariya Tal.Parner, Dist.Ahmednagar",540961210,Mechanical Engineering,GOPENH,201340,3.2027737,Below 80,CAP Round I,2025
5411,"Maulana Mukhtar Ahmad Nadvi Technical Campus, Malegaon.",541119110,Civil Engineering,GOPENH,200697,4.036504,Below 80,CAP Round I,2025
5411,"Maulana Mukhtar Ahmad Nadvi Technical Campus, Malegaon.",541124510,Computer Engineering,GOPENH,164977,33.465035,Below 80,CAP Round I,2025
5411,"Maulana Mukhtar Ahmad Nadvi Technical Campus, Malegaon.",541129310,Electrical Engineering,GOPENH,189248,15.4365886,Below 80,CAP Round I,2025
5411,"Maulana Mukhtar Ahmad Nadvi Technical Campus, Malegaon.",541137210,Electronics and Telecommunication Engg,GOPENH,190144,14.3147873,Below 80,CAP Round I,2025
5411,"Maulana Mukhtar Ahmad Nadvi Technical Campus, Malegaon.",541161210,Mechanical Engineering,GOPENH,182174,21.5882968,Below 80,CAP Round I,2025
5414,"Nikam Institute of Technology(Polytechnic),Dhule",541424510,Computer Engineering,GOPENH,169404,31.9226076,Below 80,CAP Round I,2025
5414,"Nikam Institute of Technology(Polytechnic),Dhule",541426310,Artificial Intelligence (AI) and Data Science,GOPENH,147385,44.5303298,Below 80,CAP Round I,2025
5414,"Nikam Institute of Technology(Polytechnic),Dhule",541429310,Electrical Engineering,GOPENH,200114,4.5709952,Below 80,CAP Round I,2025
5414,"Nikam Institute of Technology(Polytechnic),Dhule",541461210,Mechanical Engineering,GOPENH,201720,2.7906814,Below 80,CAP Round I,2025
5418,"Guru Gobind Singh College of Engineering & Research Centre, Nashik.",541819110,Civil Engineering,GOPENH,123007,57.4376852,Below 80,CAP Round I,2025
5418,"Guru Gobind Singh College of Engineering & Research Centre, Nashik.",541824510,Computer Engineering,GOPENH,58789,82.2162613,80-89.99,CAP Round I,2025
5418,"Guru Gobind Singh College of Engineering & Research Centre, Nashik.",541826310,Artificial Intelligence (AI) and Data Science,GOPENH,66643,79.7185003,Below 80,CAP Round I,2025
5418,"Guru Gobind Singh College of Engineering & Research Centre, Nashik.",541829310,Electrical Engineering,GOPENH,97340,68.4887011,Below 80,CAP Round I,2025
5418,"Guru Gobind Singh College of Engineering & Research Centre, Nashik.",541861210,Mechanical Engineering,GOPENH,106144,64.7148712,Below 80,CAP Round I,2025
5418,"Guru Gobind Singh College of Engineering & Research Centre, Nashik.",541891610,Automation and Robotics,GOPENH,91107,71.0971787,Below 80,CAP Round I,2025
5433,"R.C. Patel College of Engineering and Polytechnic, Shirpur",543324510,Computer Engineering,GOPENH,73869,77.1296846,Below 80,CAP Round I,2025
5433,"R.C. Patel College of Engineering and Polytechnic, Shirpur",543324610,Information Technology,GOPENH,82779,73.7482517,Below 80,CAP Round I,2025
5433,"R.C. Patel College of Engineering and Polytechnic, Shirpur",543384410,Electronics and Computer Engineering,GOPENH,104397,65.6692751,Below 80,CAP Round I,2025
5433,"R.C. Patel College of Engineering and Polytechnic, Shirpur",543392110,Artificial Intelligence and Machine Learning,GOPENH,89084,71.5830116,Below 80,CAP Round I,2025
5497,"P.G. College of Engineering & Technology, Nandurbar",549719110,Civil Engineering,GOPENH,196166,8.9230769,Below 80,CAP Round I,2025
5497,"P.G. College of Engineering & Technology, Nandurbar",549724510,Computer Engineering,GOPENH,169538,31.5596589,Below 80,CAP Round I,2025
5497,"P.G. College of Engineering & Technology, Nandurbar",549791710,Data Science,GOPENH,203542,0.3137528,Below 80,CAP Round I,2025
5509,"Shri Swami Samarth Institute of Management and Technology, Malwadi-Bota",550924510,Computer Engineering,GOPENH,196401,8.672418,Below 80,CAP Round I,2025
5509,"Shri Swami Samarth Institute of Management and Technology, Malwadi-Bota",550924610,Information Technology,GOPENH,191341,13.3124347,Below 80,CAP Round I,2025
5509,"Shri Swami Samarth Institute of Management and Technology, Malwadi-Bota",550937210,Electronics and Telecommunication Engg,GOPENH,189114,15.4704064,Below 80,CAP Round I,2025
5509,"Shri Swami Samarth Institute of Management and Technology, Malwadi-Bota",550999510,Artificial Intelligence and Data Science,GOPENH,168256,32.0884521,Below 80,CAP Round I,2025
5513,"MKD Institute of Technology, Nadurbar",551319110,Civil Engineering,GOPENH,177384,25.0722391,Below 80,CAP Round I,2025
5513,"MKD Institute of Technology, Nadurbar",551324510,Computer Engineering,GOPENH,138359,49.7291102,Below 80,CAP Round I,2025
5513,"MKD Institute of Technology, Nadurbar",551337210,Electronics and Telecommunication Engg,GOPENH,176662,25.4741362,Below 80,CAP Round I,2025
5545,"Shri Vile Parle Kelavani Mandal's College of Engineering, Shirpur",554524210,Computer Science and Engineering,GOPENH,104812,65.630713,Below 80,CAP Round I,2025
5545,"Shri Vile Parle Kelavani Mandal's College of Engineering, Shirpur",554524610,Information Technology,GOPENH,113867,61.5619516,Below 80,CAP Round I,2025
5545,"Shri Vile Parle Kelavani Mandal's College of Engineering, Shirpur",554584410,Electronics and Computer Engineering,GOPENH,128843,54.4314351,Below 80,CAP Round I,2025
5545,"Shri Vile Parle Kelavani Mandal's College of Engineering, Shirpur",554591710,Data Science,GOPENH,118985,59.1762367,Below 80,CAP Round I,2025
5597,VAMANRAO ITHAPE COLLEGE OF ENGINEERING AND MANAGEMENT,559724510,Computer Engineering,GOPENH,199686,5.1955268,Below 80,CAP Round I,2025
5597,VAMANRAO ITHAPE COLLEGE OF ENGINEERING AND MANAGEMENT,559724610,Information Technology,GOPENH,199144,5.7167832,Below 80,CAP Round I,2025
5597,VAMANRAO ITHAPE COLLEGE OF ENGINEERING AND MANAGEMENT,559737210,Electronics and Telecommunication Engg,GOPENH,191709,13.2656066,Below 80,CAP Round I,2025
5597,VAMANRAO ITHAPE COLLEGE OF ENGINEERING AND MANAGEMENT,559799710,Artificial Intelligence,GOPENH,203736,0.03861,Below 80,CAP Round I,2025
6004,"Government College of Engineering & Research, Avasari Khurd",600419110,Civil Engineering,GOPENH,57258,82.8332926,80-89.99,CAP Round I,2025
6004,"Government College of Engineering & Research, Avasari Khurd",600437210,Electronics and Telecommunication Engg,GOPENH,26168,92.3780367,90-94.99,CAP Round I,2025
6004,"Government College of Engineering & Research, Avasari Khurd",600446410,Instrumentation and Control Engineering,GOPENH,59330,82.1319232,80-89.99,CAP Round I,2025
6004,"Government College of Engineering & Research, Avasari Khurd",600460210,Automobile Engineering,GOPENH,82480,73.8000589,Below 80,CAP Round I,2025
6004,"Government College of Engineering & Research, Avasari Khurd",600461210,Mechanical Engineering,GOPENH,38549,88.6282029,80-89.99,CAP Round I,2025
6005,"Government College of Engineering, Karad",600519110,Civil Engineering,GOPENS,20578,94.0166833,90-94.99,CAP Round I,2025
6005,"Government College of Engineering, Karad",600529310,Electrical Engineering,GOPENS,17345,94.998245,90-94.99,CAP Round I,2025
6005,"Government College of Engineering, Karad",600537210,Electronics and Telecommunication Engg,GOPENS,11834,96.6221551,95-98.99,CAP Round I,2025
6005,"Government College of Engineering, Karad",600561210,Mechanical Engineering,GOPENS,15039,95.6472486,95-98.99,CAP Round I,2025
6007,"Walchand College of Engineering, Sangli",600719110,Civil Engineering,GOPENS,8760,97.4991292,95-98.99,CAP Round I,2025
6007,"Walchand College of Engineering, Sangli",0600721970U,Robotics and Automation,GOPENS,4649,98.6340588,95-98.99,CAP Round I,2025
6007,"Walchand College of Engineering, Sangli",0600724270U,Computer Science and Engineering,GOPENS,2222,99.3006993,99+,CAP Round I,2025
6007,"Walchand College of Engineering, Sangli",600724610,Information Technology,GOPENS,2390,99.2498437,99+,CAP Round I,2025
6007,"Walchand College of Engineering, Sangli",0600724670U,Information Technology,GOPENS,2683,99.1690191,99+,CAP Round I,2025
6007,"Walchand College of Engineering, Sangli",600729310,Electrical Engineering,GOPENS,5168,98.4901238,95-98.99,CAP Round I,2025
6007,"Walchand College of Engineering, Sangli",600737610,Electronics Engineering,GOPENS,3349,98.9927909,95-98.99,CAP Round I,2025
6007,"Walchand College of Engineering, Sangli",600761210,Mechanical Engineering,GOPENS,5686,98.3468729,95-98.99,CAP Round I,2025
6007,"Walchand College of Engineering, Sangli",0600792170U,Artificial Intelligence and Machine Learning,GOPENS,3127,99.0491118,99+,CAP Round I,2025
6028,"Department of Technology, Shivaji University, Kolhapur",602819110,Civil Engineering,GOPENH,102422,66.3795642,Below 80,CAP Round I,2025
6028,"Department of Technology, Shivaji University, Kolhapur",602825410,Computer Science and Technology,GOPENH,57569,82.5532062,80-89.99,CAP Round I,2025
6028,"Department of Technology, Shivaji University, Kolhapur",602837210,Electronics and Telecommunication Engg,GOPENH,75724,76.7635852,Below 80,CAP Round I,2025
6028,"Department of Technology, Shivaji University, Kolhapur",602850310,Food Technology,GOPENH,42715,88.2413362,80-89.99,CAP Round I,2025
6028,"Department of Technology, Shivaji University, Kolhapur",602850710,Chemical Engineering,GOPENH,129929,54.0903901,Below 80,CAP Round I,2025
6028,"Department of Technology, Shivaji University, Kolhapur",602861210,Mechanical Engineering,GOPENH,107936,63.8244514,Below 80,CAP Round I,2025
6036,"Government College of Engineering, Kolhapur",603624210,Computer Science and Engineering,GOPENH,33102,90.249489,90-94.99,CAP Round I,2025
6036,"Government College of Engineering, Kolhapur",603626310,Artificial Intelligence (AI) and Data Science,GOPENH,41867,87.5995489,80-89.99,CAP Round I,2025
6036,"Government College of Engineering, Kolhapur",603629310,Electrical Engineering,GOPENH,59602,81.9705913,80-89.99,CAP Round I,2025
6036,"Government College of Engineering, Kolhapur",603637210,Electronics and Telecommunication Engg,GOPENH,47954,85.8461538,80-89.99,CAP Round I,2025
6036,"Government College of Engineering, Kolhapur",603661510,Mechanical & Automation Engineering,GOPENH,77184,75.8001957,Below 80,CAP Round I,2025
6122,"TSSMS's Pd. Vasantdada Patil Institute of Technology, Bavdhan, Pune",612219110,Civil Engineering,GOPENH,116338,60.4378874,Below 80,CAP Round I,2025
6122,"TSSMS's Pd. Vasantdada Patil Institute of Technology, Bavdhan, Pune",612224510,Computer Engineering,GOPENH,39557,88.2544975,80-89.99,CAP Round I,2025
6122,"TSSMS's Pd. Vasantdada Patil Institute of Technology, Bavdhan, Pune",612237210,Electronics and Telecommunication Engg,GOPENH,63681,80.7175218,80-89.99,CAP Round I,2025
6122,"TSSMS's Pd. Vasantdada Patil Institute of Technology, Bavdhan, Pune",612261210,Mechanical Engineering,GOPENH,117702,59.9607019,Below 80,CAP Round I,2025
6122,"TSSMS's Pd. Vasantdada Patil Institute of Technology, Bavdhan, Pune",612291210,Computer Science and Engineering(Data Science),GOPENH,43391,87.1376478,80-89.99,CAP Round I,2025
6138,"Genba Sopanrao Moze Trust Parvatibai Genba Moze College of Engineering,Wagholi, Pune",613819110,Civil Engineering,GOPENH,125205,56.5039753,Below 80,CAP Round I,2025
6138,"Genba Sopanrao Moze Trust Parvatibai Genba Moze College of Engineering,Wagholi, Pune",613824510,Computer Engineering,GOPENH,60516,81.6453226,80-89.99,CAP Round I,2025
6138,"Genba Sopanrao Moze Trust Parvatibai Genba Moze College of Engineering,Wagholi, Pune",613824610,Information Technology,GOPENH,68539,79.027972,Below 80,CAP Round I,2025
6138,"Genba Sopanrao Moze Trust Parvatibai Genba Moze College of Engineering,Wagholi, Pune",613826310,Artificial Intelligence (AI) and Data Science,GOPENH,69276,78.6167398,Below 80,CAP Round I,2025
6138,"Genba Sopanrao Moze Trust Parvatibai Genba Moze College of Engineering,Wagholi, Pune",613837210,Electronics and Telecommunication Engg,GOPENH,80830,74.9785452,Below 80,CAP Round I,2025
6138,"Genba Sopanrao Moze Trust Parvatibai Genba Moze College of Engineering,Wagholi, Pune",613861210,Mechanical Engineering,GOPENH,109568,63.4714222,Below 80,CAP Round I,2025
6139,"Progressive Education Society's Modern College of Engineering, Pune",613924610,Information Technology,GOPENS,18104,94.7771148,90-94.99,CAP Round I,2025
6139,"Progressive Education Society's Modern College of Engineering, Pune",613929310,Electrical Engineering,GOPENS,44087,86.9194446,80-89.99,CAP Round I,2025
6139,"Progressive Education Society's Modern College of Engineering, Pune",613937210,Electronics and Telecommunication Engg,GOPENS,22998,93.2783433,90-94.99,CAP Round I,2025
6139,"Progressive Education Society's Modern College of Engineering, Pune",613961210,Mechanical Engineering,GOPENS,46088,86.2351996,80-89.99,CAP Round I,2025
6139,"Progressive Education Society's Modern College of Engineering, Pune",613984410,Electronics and Computer Engineering,GOPENS,21000,93.8935512,90-94.99,CAP Round I,2025
6139,"Progressive Education Society's Modern College of Engineering, Pune",613992110,Artificial Intelligence and Machine Learning,GOPENS,18019,94.783775,90-94.99,CAP Round I,2025
6139,"Progressive Education Society's Modern College of Engineering, Pune",613999510,Artificial Intelligence and Data Science,GOPENS,18769,94.5685899,90-94.99,CAP Round I,2025
6141,"Jaywant Shikshan Prasarak Mandal's,Rajarshi Shahu College of Engineering, Tathawade, Pune",614119110,Civil Engineering,GOPENS,40997,87.9235179,80-89.99,CAP Round I,2025
6141,"Jaywant Shikshan Prasarak Mandal's,Rajarshi Shahu College of Engineering, Tathawade, Pune",614124610,Information Technology,GOPENS,11855,96.6221551,95-98.99,CAP Round I,2025
6141,"Jaywant Shikshan Prasarak Mandal's,Rajarshi Shahu College of Engineering, Tathawade, Pune",614126210,Computer Science and Business Systems,GOPENS,13517,96.1472705,95-98.99,CAP Round I,2025
6141,"Jaywant Shikshan Prasarak Mandal's,Rajarshi Shahu College of Engineering, Tathawade, Pune",614129310,Electrical Engineering,GOPENS,27992,91.7968608,90-94.99,CAP Round I,2025
6141,"Jaywant Shikshan Prasarak Mandal's,Rajarshi Shahu College of Engineering, Tathawade, Pune",614137210,Electronics and Telecommunication Engg,GOPENS,17317,94.998245,90-94.99,CAP Round I,2025
6141,"Jaywant Shikshan Prasarak Mandal's,Rajarshi Shahu College of Engineering, Tathawade, Pune",614161210,Mechanical Engineering,GOPENS,34522,89.8520525,80-89.99,CAP Round I,2025
6141,"Jaywant Shikshan Prasarak Mandal's,Rajarshi Shahu College of Engineering, Tathawade, Pune",614191610,Automation and Robotics,GOPENS,21026,93.8910884,90-94.99,CAP Round I,2025
6144,"Genba Sopanrao Moze College of Engineering, Baner-Balewadi, Pune",614419110,Civil Engineering,GOPENH,120648,58.4401523,Below 80,CAP Round I,2025
6144,"Genba Sopanrao Moze College of Engineering, Baner-Balewadi, Pune",614424510,Computer Engineering,GOPENH,56540,82.8811189,80-89.99,CAP Round I,2025
6144,"Genba Sopanrao Moze College of Engineering, Baner-Balewadi, Pune",614424610,Information Technology,GOPENH,69196,78.6167398,Below 80,CAP Round I,2025
6144,"Genba Sopanrao Moze College of Engineering, Baner-Balewadi, Pune",614437210,Electronics and Telecommunication Engg,GOPENH,70224,78.5512207,Below 80,CAP Round I,2025
6144,"Genba Sopanrao Moze College of Engineering, Baner-Balewadi, Pune",614461210,Mechanical Engineering,GOPENH,100064,67.217709,Below 80,CAP Round I,2025
6144,"Genba Sopanrao Moze College of Engineering, Baner-Balewadi, Pune",614492110,Artificial Intelligence and Machine Learning,GOPENH,63764,80.7175218,80-89.99,CAP Round I,2025
6144,"Genba Sopanrao Moze College of Engineering, Baner-Balewadi, Pune",614499510,Artificial Intelligence and Data Science,GOPENH,63587,80.7807182,80-89.99,CAP Round I,2025
6145,"JSPM'S Jaywantrao Sawant College of Engineering,Pune",614524510,Computer Engineering,GOPENH,24217,92.933589,90-94.99,CAP Round I,2025
6145,"JSPM'S Jaywantrao Sawant College of Engineering,Pune",614524610,Information Technology,GOPENH,27319,92.0400779,90-94.99,CAP Round I,2025
6145,"JSPM'S Jaywantrao Sawant College of Engineering,Pune",614526310,Artificial Intelligence (AI) and Data Science,GOPENH,22611,93.4570631,90-94.99,CAP Round I,2025
6145,"JSPM'S Jaywantrao Sawant College of Engineering,Pune",614529310,Electrical Engineering,GOPENH,66453,79.7946282,Below 80,CAP Round I,2025
6145,"JSPM'S Jaywantrao Sawant College of Engineering,Pune",614537210,Electronics and Telecommunication Engg,GOPENH,39185,88.4967904,80-89.99,CAP Round I,2025
6145,"JSPM'S Jaywantrao Sawant College of Engineering,Pune",614561210,Mechanical Engineering,GOPENH,79702,75.210728,Below 80,CAP Round I,2025
6146,"MIT Academy of Engineering,Alandi, Pune",614619110,Civil Engineering,GOPENS,32673,90.4142665,90-94.99,CAP Round I,2025
6146,"MIT Academy of Engineering,Alandi, Pune",614624610,Information Technology,GOPENS,15889,95.4197144,95-98.99,CAP Round I,2025
6146,"MIT Academy of Engineering,Alandi, Pune",614637210,Electronics and Telecommunication Engg,GOPENS,20294,94.1411405,90-94.99,CAP Round I,2025
6146,"MIT Academy of Engineering,Alandi, Pune",614650710,Chemical Engineering,GOPENS,31344,90.8461538,90-94.99,CAP Round I,2025
6146,"MIT Academy of Engineering,Alandi, Pune",614661210,Mechanical Engineering,GOPENS,29729,91.3082283,90-94.99,CAP Round I,2025
6146,"MIT Academy of Engineering,Alandi, Pune",614691110,Computer Science and Engineering(Artificial Intelligence and Machine Learning),GOPENS,15768,95.4290064,95-98.99,CAP Round I,2025
6146,"MIT Academy of Engineering,Alandi, Pune",614691210,Computer Science and Engineering(Data Science),GOPENS,17113,95.0636221,95-98.99,CAP Round I,2025
6146,"MIT Academy of Engineering,Alandi, Pune",614692710,Computer Engineering (Software Engineering),GOPENS,16916,95.1095384,95-98.99,CAP Round I,2025
6149,"Siddhant College of Engineering, A/p Sudumbare, Tal.Maval, Dist-Pune",614919110,Civil Engineering,GOPENH,173382,28.3463753,Below 80,CAP Round I,2025
6149,"Siddhant College of Engineering, A/p Sudumbare, Tal.Maval, Dist-Pune",614924510,Computer Engineering,GOPENH,86899,72.6730266,Below 80,CAP Round I,2025
6149,"Siddhant College of Engineering, A/p Sudumbare, Tal.Maval, Dist-Pune",614924610,Information Technology,GOPENH,88313,71.8197195,Below 80,CAP Round I,2025
6149,"Siddhant College of Engineering, A/p Sudumbare, Tal.Maval, Dist-Pune",614925310,Internet of Things (IoT),GOPENH,165214,33.465035,Below 80,CAP Round I,2025
6149,"Siddhant College of Engineering, A/p Sudumbare, Tal.Maval, Dist-Pune",614929310,Electrical Engineering,GOPENH,163356,35.5422955,Below 80,CAP Round I,2025
6149,"Siddhant College of Engineering, A/p Sudumbare, Tal.Maval, Dist-Pune",614937210,Electronics and Telecommunication Engg,GOPENH,109356,63.4714222,Below 80,CAP Round I,2025
6149,"Siddhant College of Engineering, A/p Sudumbare, Tal.Maval, Dist-Pune",614961210,Mechanical Engineering,GOPENH,146099,45.8266058,Below 80,CAP Round I,2025
6149,"Siddhant College of Engineering, A/p Sudumbare, Tal.Maval, Dist-Pune",614984410,Electronics and Computer Engineering,GOPENH,156083,39.6653303,Below 80,CAP Round I,2025
6149,"Siddhant College of Engineering, A/p Sudumbare, Tal.Maval, Dist-Pune",614992110,Artificial Intelligence and Machine Learning,GOPENH,104391,65.6692751,Below 80,CAP Round I,2025
6149,"Siddhant College of Engineering, A/p Sudumbare, Tal.Maval, Dist-Pune",614999510,Artificial Intelligence and Data Science,GOPENH,92120,70.6189283,Below 80,CAP Round I,2025
6155,"G.H.Raisoni College of Engineering & Management, Wagholi, Pune",615519110,Civil Engineering,GOPENS,73788,77.1296846,Below 80,CAP Round I,2025
6155,"G.H.Raisoni College of Engineering & Management, Wagholi, Pune",615524510,Computer Engineering,GOPENS,23289,93.2557369,90-94.99,CAP Round I,2025
6155,"G.H.Raisoni College of Engineering & Management, Wagholi, Pune",615524610,Information Technology,GOPENS,27518,91.972622,90-94.99,CAP Round I,2025
6155,"G.H.Raisoni College of Engineering & Management, Wagholi, Pune",615526010,Computer Science and Engineering (Cyber Security),GOPENS,28759,91.5650868,90-94.99,CAP Round I,2025
6155,"G.H.Raisoni College of Engineering & Management, Wagholi, Pune",615529310,Electrical Engineering,GOPENS,50624,84.8736599,80-89.99,CAP Round I,2025
6155,"G.H.Raisoni College of Engineering & Management, Wagholi, Pune",615537210,Electronics and Telecommunication Engg,GOPENS,34261,89.9712654,80-89.99,CAP Round I,2025
6155,"G.H.Raisoni College of Engineering & Management, Wagholi, Pune",615561210,Mechanical Engineering,GOPENS,69510,78.6137148,Below 80,CAP Round I,2025
6155,"G.H.Raisoni College of Engineering & Management, Wagholi, Pune",615591110,Computer Science and Engineering(Artificial Intelligence and Machine Learning),GOPENS,28398,91.7067224,90-94.99,CAP Round I,2025
6155,"G.H.Raisoni College of Engineering & Management, Wagholi, Pune",615591210,Computer Science and Engineering(Data Science),GOPENS,29297,91.3979682,90-94.99,CAP Round I,2025
6155,"G.H.Raisoni College of Engineering & Management, Wagholi, Pune",615591310,Computer Science and Engineering (Artificial Intelligence),GOPENS,30144,91.082078,90-94.99,CAP Round I,2025
6156,"Marathwada Mitra Mandal's College of Engineering, Karvenagar, Pune",615624610,Information Technology,GOPENS,17612,94.9084767,90-94.99,CAP Round I,2025
6156,"Marathwada Mitra Mandal's College of Engineering, Karvenagar, Pune",615629310,Electrical Engineering,GOPENS,34714,89.8231024,80-89.99,CAP Round I,2025
6156,"Marathwada Mitra Mandal's College of Engineering, Karvenagar, Pune",615637210,Electronics and Telecommunication Engg,GOPENS,22071,93.5806832,90-94.99,CAP Round I,2025
6156,"Marathwada Mitra Mandal's College of Engineering, Karvenagar, Pune",615661210,Mechanical Engineering,GOPENS,39462,88.3176594,80-89.99,CAP Round I,2025
6156,"Marathwada Mitra Mandal's College of Engineering, Karvenagar, Pune",615699510,Artificial Intelligence and Data Science,GOPENS,18645,94.6273529,90-94.99,CAP Round I,2025
6175,"Pimpri Chinchwad Education Trust, Pimpri Chinchwad College of Engineering, Pune",617519110,Civil Engineering,GOPENS,15695,95.4664524,95-98.99,CAP Round I,2025
6175,"Pimpri Chinchwad Education Trust, Pimpri Chinchwad College of Engineering, Pune",0617524590L,Computer Engineering,GOPENS,5310,98.4626185,95-98.99,CAP Round I,2025
6175,"Pimpri Chinchwad Education Trust, Pimpri Chinchwad College of Engineering, Pune",617524610,Information Technology,GOPENS,4739,98.6058392,95-98.99,CAP Round I,2025
6175,"Pimpri Chinchwad Education Trust, Pimpri Chinchwad College of Engineering, Pune",617537210,Electronics and Telecommunication Engg,GOPENS,7320,97.8951049,95-98.99,CAP Round I,2025
6175,"Pimpri Chinchwad Education Trust, Pimpri Chinchwad College of Engineering, Pune",617561210,Mechanical Engineering,GOPENS,11415,96.7467781,95-98.99,CAP Round I,2025
6175,"Pimpri Chinchwad Education Trust, Pimpri Chinchwad College of Engineering, Pune",617591110,Computer Science and Engineering(Artificial Intelligence and Machine Learning),GOPENS,5039,98.5222885,95-98.99,CAP Round I,2025
6177,"Sinhgad College of Engineering, Vadgaon (BK), Pune",617708210,Bio Technology,GOPENH,14608,96.1083608,95-98.99,CAP Round I,2025
6177,"Sinhgad College of Engineering, Vadgaon (BK), Pune",617719110,Civil Engineering,GOPENH,85389,73.2612864,Below 80,CAP Round I,2025
6177,"Sinhgad College of Engineering, Vadgaon (BK), Pune",617724610,Information Technology,GOPENH,22183,93.5688239,90-94.99,CAP Round I,2025
6177,"Sinhgad College of Engineering, Vadgaon (BK), Pune",617737210,Electronics and Telecommunication Engg,GOPENH,36114,89.3412389,80-89.99,CAP Round I,2025
6177,"Sinhgad College of Engineering, Vadgaon (BK), Pune",617750710,Chemical Engineering,GOPENH,72753,77.5384615,Below 80,CAP Round I,2025
6177,"Sinhgad College of Engineering, Vadgaon (BK), Pune",617761210,Mechanical Engineering,GOPENH,74561,76.9322569,Below 80,CAP Round I,2025
6178,"Sinhgad Technical Education Society's Smt. Kashibai Navale College of Engineering,Vadgaon,Pune",617824510,Computer Engineering,GOPENH,25599,92.5367989,90-94.99,CAP Round I,2025
6178,"Sinhgad Technical Education Society's Smt. Kashibai Navale College of Engineering,Vadgaon,Pune",617824610,Information Technology,GOPENH,28328,91.7146701,90-94.99,CAP Round I,2025
6178,"Sinhgad Technical Education Society's Smt. Kashibai Navale College of Engineering,Vadgaon,Pune",617837210,Electronics and Telecommunication Engg,GOPENH,50440,84.8811189,80-89.99,CAP Round I,2025
6178,"Sinhgad Technical Education Society's Smt. Kashibai Navale College of Engineering,Vadgaon,Pune",617861210,Mechanical Engineering,GOPENH,104450,65.6692751,Below 80,CAP Round I,2025
6179,"Indira College of Engineering & Management, Pune",617924510,Computer Engineering,GOPENS,29980,91.2776413,90-94.99,CAP Round I,2025
6179,"Indira College of Engineering & Management, Pune",617924610,Information Technology,GOPENS,33282,90.1610143,90-94.99,CAP Round I,2025
6179,"Indira College of Engineering & Management, Pune",617937210,Electronics and Telecommunication Engg,GOPENS,33224,90.1729075,90-94.99,CAP Round I,2025
6179,"Indira College of Engineering & Management, Pune",617961210,Mechanical Engineering,GOPENS,55343,83.3397246,80-89.99,CAP Round I,2025
6179,"Indira College of Engineering & Management, Pune",617999510,Artificial Intelligence and Data Science,GOPENS,30684,91.0114841,90-94.99,CAP Round I,2025
6182,"Sinhgad Technical Education Society, Sinhgad Institute of Technology and Science, Narhe (Ambegaon)",618219110,Civil Engineering,GOPENH,132356,53.2228937,Below 80,CAP Round I,2025
6182,"Sinhgad Technical Education Society, Sinhgad Institute of Technology and Science, Narhe (Ambegaon)",618224510,Computer Engineering,GOPENH,37518,88.9550679,80-89.99,CAP Round I,2025
6182,"Sinhgad Technical Education Society, Sinhgad Institute of Technology and Science, Narhe (Ambegaon)",618224610,Information Technology,GOPENH,40890,87.9272878,80-89.99,CAP Round I,2025
6182,"Sinhgad Technical Education Society, Sinhgad Institute of Technology and Science, Narhe (Ambegaon)",618237210,Electronics and Telecommunication Engg,GOPENH,65735,79.9072027,Below 80,CAP Round I,2025
6182,"Sinhgad Technical Education Society, Sinhgad Institute of Technology and Science, Narhe (Ambegaon)",618261210,Mechanical Engineering,GOPENH,118708,59.2797111,Below 80,CAP Round I,2025
6183,"Al-Ameen Educational and Medical Foundation, College of Engineering, Koregaon, Bhima",618324510,Computer Engineering,GOPENH,113007,61.796967,Below 80,CAP Round I,2025
6183,"Al-Ameen Educational and Medical Foundation, College of Engineering, Koregaon, Bhima",618337210,Electronics and Telecommunication Engg,GOPENH,144167,46.7613499,Below 80,CAP Round I,2025
6183,"Al-Ameen Educational and Medical Foundation, College of Engineering, Koregaon, Bhima",618361210,Mechanical Engineering,GOPENH,197421,7.6100354,Below 80,CAP Round I,2025
6184,"K. J.'s Educational Institut Trinity College of Engineering and Research, Pisoli, Haveli",618419110,Civil Engineering,GOPENS,91244,71.0971787,Below 80,CAP Round I,2025
6184,"K. J.'s Educational Institut Trinity College of Engineering and Research, Pisoli, Haveli",618424510,Computer Engineering,GOPENS,48471,85.5207245,80-89.99,CAP Round I,2025
6184,"K. J.'s Educational Institut Trinity College of Engineering and Research, Pisoli, Haveli",618424610,Information Technology,GOPENS,53337,83.9367933,80-89.99,CAP Round I,2025
6184,"K. J.'s Educational Institut Trinity College of Engineering and Research, Pisoli, Haveli",618429310,Electrical Engineering,GOPENS,93211,70.2033567,Below 80,CAP Round I,2025
6184,"K. J.'s Educational Institut Trinity College of Engineering and Research, Pisoli, Haveli",618437210,Electronics and Telecommunication Engg,GOPENS,64792,80.3531469,80-89.99,CAP Round I,2025
6184,"K. J.'s Educational Institut Trinity College of Engineering and Research, Pisoli, Haveli",618461210,Mechanical Engineering,GOPENS,111858,62.1412608,Below 80,CAP Round I,2025
6185,Sinhgad Institute of Technology,618524510,Computer Engineering,GOPENH,45304,86.552754,80-89.99,CAP Round I,2025
6185,Sinhgad Institute of Technology,618524610,Information Technology,GOPENH,53099,84.0903324,80-89.99,CAP Round I,2025
6185,Sinhgad Institute of Technology,618529310,Electrical Engineering,GOPENH,88220,71.8498844,Below 80,CAP Round I,2025
6185,Sinhgad Institute of Technology,618537210,Electronics and Telecommunication Engg,GOPENH,71132,78.272232,Below 80,CAP Round I,2025
6185,Sinhgad Institute of Technology,618561210,Mechanical Engineering,GOPENH,135573,50.9683037,Below 80,CAP Round I,2025
6187,"Sinhgad Academy of Engineering, Kondhwa (BK) Kondhwa-Saswad Road, Pune",618719110,Civil Engineering,GOPENH,140222,49.1540892,Below 80,CAP Round I,2025
6187,"Sinhgad Academy of Engineering, Kondhwa (BK) Kondhwa-Saswad Road, Pune",618724510,Computer Engineering,GOPENH,40309,88.0599617,80-89.99,CAP Round I,2025
6187,"Sinhgad Academy of Engineering, Kondhwa (BK) Kondhwa-Saswad Road, Pune",618724610,Information Technology,GOPENH,45832,86.3869833,80-89.99,CAP Round I,2025
6187,"Sinhgad Academy of Engineering, Kondhwa (BK) Kondhwa-Saswad Road, Pune",618737210,Electronics and Telecommunication Engg,GOPENH,72691,77.5384615,Below 80,CAP Round I,2025
6187,"Sinhgad Academy of Engineering, Kondhwa (BK) Kondhwa-Saswad Road, Pune",618761210,Mechanical Engineering,GOPENH,137892,50.3223138,Below 80,CAP Round I,2025
6203,"Marathwada Mitra Mandal's Institute of Technology, Lohgaon, Pune",620319110,Civil Engineering,GOPENH,115192,60.8775137,Below 80,CAP Round I,2025
6203,"Marathwada Mitra Mandal's Institute of Technology, Lohgaon, Pune",620324510,Computer Engineering,GOPENH,33759,90.0917161,90-94.99,CAP Round I,2025
6203,"Marathwada Mitra Mandal's Institute of Technology, Lohgaon, Pune",620326610,Robotics and Artificial Intelligence,GOPENH,46008,86.3462208,80-89.99,CAP Round I,2025
6203,"Marathwada Mitra Mandal's Institute of Technology, Lohgaon, Pune",620361210,Mechanical Engineering,GOPENH,79259,75.2405919,Below 80,CAP Round I,2025
6203,"Marathwada Mitra Mandal's Institute of Technology, Lohgaon, Pune",620362410,Mechatronics Engineering,GOPENH,75332,76.8955509,Below 80,CAP Round I,2025
6203,"Marathwada Mitra Mandal's Institute of Technology, Lohgaon, Pune",620399510,Artificial Intelligence and Data Science,GOPENH,35078,89.682715,80-89.99,CAP Round I,2025
6206,"Pune District Education Association's College of Engineering, Manjari(Bk), Hadapsar, Pune",620624510,Computer Engineering,GOPENH,56843,82.8437868,80-89.99,CAP Round I,2025
6206,"Pune District Education Association's College of Engineering, Manjari(Bk), Hadapsar, Pune",620624610,Information Technology,GOPENH,63244,80.8599071,80-89.99,CAP Round I,2025
6206,"Pune District Education Association's College of Engineering, Manjari(Bk), Hadapsar, Pune",620637210,Electronics and Telecommunication Engg,GOPENH,72375,77.9513058,Below 80,CAP Round I,2025
6206,"Pune District Education Association's College of Engineering, Manjari(Bk), Hadapsar, Pune",620661210,Mechanical Engineering,GOPENH,119485,58.8994542,Below 80,CAP Round I,2025
6206,"Pune District Education Association's College of Engineering, Manjari(Bk), Hadapsar, Pune",620699510,Artificial Intelligence and Data Science,GOPENH,52242,84.3296195,80-89.99,CAP Round I,2025
6207,"Dr. D. Y. Patil Unitech Society's Dr. D. Y. Patil Institute of Technology, Pimpri, Pune",620719110,Civil Engineering,GOPENH,56736,82.8811189,80-89.99,CAP Round I,2025
6207,"Dr. D. Y. Patil Unitech Society's Dr. D. Y. Patil Institute of Technology, Pimpri, Pune",620724610,Information Technology,GOPENH,12881,96.3316055,95-98.99,CAP Round I,2025
6207,"Dr. D. Y. Patil Unitech Society's Dr. D. Y. Patil Institute of Technology, Pimpri, Pune",620729310,Electrical Engineering,GOPENH,33988,90.0175917,90-94.99,CAP Round I,2025
6207,"Dr. D. Y. Patil Unitech Society's Dr. D. Y. Patil Institute of Technology, Pimpri, Pune",620737210,Electronics and Telecommunication Engg,GOPENH,19393,94.4148845,90-94.99,CAP Round I,2025
6207,"Dr. D. Y. Patil Unitech Society's Dr. D. Y. Patil Institute of Technology, Pimpri, Pune",620746610,Instrumentation Engineering,GOPENH,39091,88.5033286,80-89.99,CAP Round I,2025
6207,"Dr. D. Y. Patil Unitech Society's Dr. D. Y. Patil Institute of Technology, Pimpri, Pune",620761210,Mechanical Engineering,GOPENH,32219,90.5159705,90-94.99,CAP Round I,2025
6207,"Dr. D. Y. Patil Unitech Society's Dr. D. Y. Patil Institute of Technology, Pimpri, Pune",620791610,Automation and Robotics,GOPENH,22498,93.4773416,90-94.99,CAP Round I,2025
6207,"Dr. D. Y. Patil Unitech Society's Dr. D. Y. Patil Institute of Technology, Pimpri, Pune",620799510,Artificial Intelligence and Data Science,GOPENH,14206,95.9261851,95-98.99,CAP Round I,2025
6214,"K. E. Society's Rajarambapu Institute of Technology, Walwa, Sangli",621419110,Civil Engineering,GOPENS,48333,85.5729148,80-89.99,CAP Round I,2025
6214,"K. E. Society's Rajarambapu Institute of Technology, Walwa, Sangli",621421910,Robotics and Automation,GOPENS,45870,86.3869833,80-89.99,CAP Round I,2025
6214,"K. E. Society's Rajarambapu Institute of Technology, Walwa, Sangli",621429310,Electrical Engineering,GOPENS,38267,88.680102,80-89.99,CAP Round I,2025
6214,"K. E. Society's Rajarambapu Institute of Technology, Walwa, Sangli",621437210,Electronics and Telecommunication Engg,GOPENS,32068,90.6221224,90-94.99,CAP Round I,2025
6214,"K. E. Society's Rajarambapu Institute of Technology, Walwa, Sangli",621456810,Computer Science and Information Technology,GOPENS,24651,92.8376317,90-94.99,CAP Round I,2025
6214,"K. E. Society's Rajarambapu Institute of Technology, Walwa, Sangli",621461210,Mechanical Engineering,GOPENS,50033,85.0571556,80-89.99,CAP Round I,2025
6214,"K. E. Society's Rajarambapu Institute of Technology, Walwa, Sangli",621462410,Mechatronics Engineering,GOPENS,45830,86.3869833,80-89.99,CAP Round I,2025
6214,"K. E. Society's Rajarambapu Institute of Technology, Walwa, Sangli",621491110,Computer Science and Engineering(Artificial Intelligence and Machine Learning),GOPENS,27085,92.0737359,90-94.99,CAP Round I,2025
6217,"Shri. Balasaheb Mane Shikshan Prasarak Mandal's, Ashokrao Mane Group of Institutions",621719110,Civil Engineering,GOPENS,131997,53.2228937,Below 80,CAP Round I,2025
6217,"Shri. Balasaheb Mane Shikshan Prasarak Mandal's, Ashokrao Mane Group of Institutions",621724210,Computer Science and Engineering,GOPENS,103519,66.1695365,Below 80,CAP Round I,2025
6217,"Shri. Balasaheb Mane Shikshan Prasarak Mandal's, Ashokrao Mane Group of Institutions",621726310,Artificial Intelligence (AI) and Data Science,GOPENS,110645,63.200058,Below 80,CAP Round I,2025
6217,"Shri. Balasaheb Mane Shikshan Prasarak Mandal's, Ashokrao Mane Group of Institutions",621729310,Electrical Engineering,GOPENS,129706,54.1537389,Below 80,CAP Round I,2025
6217,"Shri. Balasaheb Mane Shikshan Prasarak Mandal's, Ashokrao Mane Group of Institutions",621737210,Electronics and Telecommunication Engg,GOPENS,118076,59.9607019,Below 80,CAP Round I,2025
6217,"Shri. Balasaheb Mane Shikshan Prasarak Mandal's, Ashokrao Mane Group of Institutions",621761210,Mechanical Engineering,GOPENS,133199,52.3622324,Below 80,CAP Round I,2025
6217,"Shri. Balasaheb Mane Shikshan Prasarak Mandal's, Ashokrao Mane Group of Institutions",621784410,Electronics and Computer Engineering,GOPENS,133468,52.3622324,Below 80,CAP Round I,2025
6217,"Shri. Balasaheb Mane Shikshan Prasarak Mandal's, Ashokrao Mane Group of Institutions",621792110,Artificial Intelligence and Machine Learning,GOPENS,110590,63.200058,Below 80,CAP Round I,2025
6219,"KSGBS's Bharat- Ratna Indira Gandhi College of Engineering, Kegaon, Solapur",621919110,Civil Engineering,GOPENH,200382,4.3679994,Below 80,CAP Round I,2025
6219,"KSGBS's Bharat- Ratna Indira Gandhi College of Engineering, Kegaon, Solapur",621924210,Computer Science and Engineering,GOPENH,177927,24.8659004,Below 80,CAP Round I,2025
6219,"KSGBS's Bharat- Ratna Indira Gandhi College of Engineering, Kegaon, Solapur",621929310,Electrical Engineering,GOPENH,187302,16.860405,Below 80,CAP Round I,2025
6219,"KSGBS's Bharat- Ratna Indira Gandhi College of Engineering, Kegaon, Solapur",621937210,Electronics and Telecommunication Engg,GOPENH,199092,5.7490133,Below 80,CAP Round I,2025
6219,"KSGBS's Bharat- Ratna Indira Gandhi College of Engineering, Kegaon, Solapur",621946110,Bio Medical Engineering,GOPENH,199871,4.817857,Below 80,CAP Round I,2025
6219,"KSGBS's Bharat- Ratna Indira Gandhi College of Engineering, Kegaon, Solapur",621961210,Mechanical Engineering,GOPENH,201537,3.0685728,Below 80,CAP Round I,2025
6220,"SVERI's College of Engineering, Pandharpur",622019110,Civil Engineering,GOPENS,101857,66.4263323,Below 80,CAP Round I,2025
6220,"SVERI's College of Engineering, Pandharpur",622024210,Computer Science and Engineering,GOPENS,49875,85.1002266,80-89.99,CAP Round I,2025
6220,"SVERI's College of Engineering, Pandharpur",622029310,Electrical Engineering,GOPENS,77471,75.6538462,Below 80,CAP Round I,2025
6220,"SVERI's College of Engineering, Pandharpur",622037210,Electronics and Telecommunication Engg,GOPENS,67876,79.3730892,Below 80,CAP Round I,2025
6220,"SVERI's College of Engineering, Pandharpur",622061210,Mechanical Engineering,GOPENS,93720,69.8941051,Below 80,CAP Round I,2025
6220,"SVERI's College of Engineering, Pandharpur",622084410,Electronics and Computer Engineering,GOPENS,73479,77.161886,Below 80,CAP Round I,2025
6222,"Dattajirao Kadam Technical Education Society's Textile & Engineering Institute, Ichalkaranji.",622219110,Civil Engineering,GOPENS,78628,75.4048881,Below 80,CAP Round I,2025
6222,"Dattajirao Kadam Technical Education Society's Textile & Engineering Institute, Ichalkaranji.",622224210,Computer Science and Engineering,GOPENS,28443,91.7067224,90-94.99,CAP Round I,2025
6222,"Dattajirao Kadam Technical Education Society's Textile & Engineering Institute, Ichalkaranji.",622226310,Artificial Intelligence (AI) and Data Science,GOPENS,36327,89.2894353,80-89.99,CAP Round I,2025
6222,"Dattajirao Kadam Technical Education Society's Textile & Engineering Institute, Ichalkaranji.",622229310,Electrical Engineering,GOPENS,57866,82.4521073,80-89.99,CAP Round I,2025
6222,"Dattajirao Kadam Technical Education Society's Textile & Engineering Institute, Ichalkaranji.",622237210,Electronics and Telecommunication Engg,GOPENS,44048,86.9194446,80-89.99,CAP Round I,2025
6222,"Dattajirao Kadam Technical Education Society's Textile & Engineering Institute, Ichalkaranji.",622246510,Technical Textiles,GOPENS,78888,75.3562654,Below 80,CAP Round I,2025
6222,"Dattajirao Kadam Technical Education Society's Textile & Engineering Institute, Ichalkaranji.",622257010,Fashion Technology,GOPENS,53844,85.0232092,80-89.99,CAP Round I,2025
6222,"Dattajirao Kadam Technical Education Society's Textile & Engineering Institute, Ichalkaranji.",622261210,Mechanical Engineering,GOPENS,69885,78.5819586,Below 80,CAP Round I,2025
6222,"Dattajirao Kadam Technical Education Society's Textile & Engineering Institute, Ichalkaranji.",622288610,Man Made Textile Technology,GOPENS,88665,71.6607627,Below 80,CAP Round I,2025
6222,"Dattajirao Kadam Technical Education Society's Textile & Engineering Institute, Ichalkaranji.",622289010,Textile Chemistry,GOPENS,68698,80.4913825,80-89.99,CAP Round I,2025
6222,"Dattajirao Kadam Technical Education Society's Textile & Engineering Institute, Ichalkaranji.",622289610,Textile Technology,GOPENS,68977,78.6729363,Below 80,CAP Round I,2025
6222,"Dattajirao Kadam Technical Education Society's Textile & Engineering Institute, Ichalkaranji.",622291110,Computer Science and Engineering(Artificial Intelligence and Machine Learning),GOPENS,35924,89.3717407,80-89.99,CAP Round I,2025
6223,"Pradnya Niketan Education Society's Nagesh Karajagi Orchid College of Engineering & Technology, Solapur",622319110,Civil Engineering,GOPENS,111896,62.1412608,Below 80,CAP Round I,2025
6223,"Pradnya Niketan Education Society's Nagesh Karajagi Orchid College of Engineering & Technology, Solapur",622324210,Computer Science and Engineering,GOPENS,55424,83.3397246,80-89.99,CAP Round I,2025
6223,"Pradnya Niketan Education Society's Nagesh Karajagi Orchid College of Engineering & Technology, Solapur",622329310,Electrical Engineering,GOPENS,102712,66.3795642,Below 80,CAP Round I,2025
6223,"Pradnya Niketan Education Society's Nagesh Karajagi Orchid College of Engineering & Technology, Solapur",622337210,Electronics and Telecommunication Engg,GOPENS,77271,75.6538462,Below 80,CAP Round I,2025
6223,"Pradnya Niketan Education Society's Nagesh Karajagi Orchid College of Engineering & Technology, Solapur",622361210,Mechanical Engineering,GOPENS,114519,61.1295449,Below 80,CAP Round I,2025
6223,"Pradnya Niketan Education Society's Nagesh Karajagi Orchid College of Engineering & Technology, Solapur",622399510,Artificial Intelligence and Data Science,GOPENS,62202,81.1295102,80-89.99,CAP Round I,2025
6250,"D.Y. Patil College of Engineering and Technology, Kolhapur",625019110,Civil Engineering,GOPENS,83280,73.6345056,Below 80,CAP Round I,2025
6250,"D.Y. Patil College of Engineering and Technology, Kolhapur",625024210,Computer Science and Engineering,GOPENS,37069,89.0680212,80-89.99,CAP Round I,2025
6250,"D.Y. Patil College of Engineering and Technology, Kolhapur",625037210,Electronics and Telecommunication Engg,GOPENS,44838,86.675963,80-89.99,CAP Round I,2025
6250,"D.Y. Patil College of Engineering and Technology, Kolhapur",625050710,Chemical Engineering,GOPENS,72665,77.5384615,Below 80,CAP Round I,2025
6250,"D.Y. Patil College of Engineering and Technology, Kolhapur",625061210,Mechanical Engineering,GOPENS,70564,78.4242636,Below 80,CAP Round I,2025
6250,"D.Y. Patil College of Engineering and Technology, Kolhapur",625091110,Computer Science and Engineering(Artificial Intelligence and Machine Learning),GOPENS,40122,88.0840044,80-89.99,CAP Round I,2025
6250,"D.Y. Patil College of Engineering and Technology, Kolhapur",625091210,Computer Science and Engineering(Data Science),GOPENS,50085,85.0571556,80-89.99,CAP Round I,2025
6265,"Walchand Institute of Technology, Solapur",626519110,Civil Engineering,GOPENS,79848,75.1927485,Below 80,CAP Round I,2025
6265,"Walchand Institute of Technology, Solapur",626524210,Computer Science and Engineering,GOPENS,26892,92.1231015,90-94.99,CAP Round I,2025
6265,"Walchand Institute of Technology, Solapur",626524610,Information Technology,GOPENS,34965,89.7089209,80-89.99,CAP Round I,2025
6265,"Walchand Institute of Technology, Solapur",626537210,Electronics and Telecommunication Engg,GOPENS,45953,86.3462208,80-89.99,CAP Round I,2025
6265,"Walchand Institute of Technology, Solapur",626561510,Mechanical & Automation Engineering,GOPENS,69884,78.5819586,Below 80,CAP Round I,2025
6265,"Walchand Institute of Technology, Solapur",626584410,Electronics and Computer Engineering,GOPENS,43679,87.0316109,80-89.99,CAP Round I,2025
6265,"Walchand Institute of Technology, Solapur",626592110,Artificial Intelligence and Machine Learning,GOPENS,33730,90.0917161,90-94.99,CAP Round I,2025
6267,"Kolhapur Institute of Technology's College of Engineering(Autonomous), Kolhapur",626708210,Bio Technology,GOPENS,10211,97.2631871,95-98.99,CAP Round I,2025
6267,"Kolhapur Institute of Technology's College of Engineering(Autonomous), Kolhapur",626719110,Civil Engineering,GOPENS,50244,84.9728618,80-89.99,CAP Round I,2025
6267,"Kolhapur Institute of Technology's College of Engineering(Autonomous), Kolhapur",626726210,Computer Science and Business Systems,GOPENS,26606,92.2439918,90-94.99,CAP Round I,2025
6267,"Kolhapur Institute of Technology's College of Engineering(Autonomous), Kolhapur",626729310,Electrical Engineering,GOPENS,34170,89.9860676,80-89.99,CAP Round I,2025
6267,"Kolhapur Institute of Technology's College of Engineering(Autonomous), Kolhapur",626737210,Electronics and Telecommunication Engg,GOPENS,25066,92.7137598,90-94.99,CAP Round I,2025
6267,"Kolhapur Institute of Technology's College of Engineering(Autonomous), Kolhapur",626761210,Mechanical Engineering,GOPENS,40221,88.0840044,80-89.99,CAP Round I,2025
6267,"Kolhapur Institute of Technology's College of Engineering(Autonomous), Kolhapur",626791110,Computer Science and Engineering(Artificial Intelligence and Machine Learning),GOPENS,19676,94.2944615,90-94.99,CAP Round I,2025
6267,"Kolhapur Institute of Technology's College of Engineering(Autonomous), Kolhapur",626792210,Civil and Environmental Engineering,GOPENS,65618,79.9809712,Below 80,CAP Round I,2025
6268,"Tatyasaheb Kore Institute of Engineering and Technology, Warananagar",626819110,Civil Engineering,GOPENS,111772,62.1412608,Below 80,CAP Round I,2025
6268,"Tatyasaheb Kore Institute of Engineering and Technology, Warananagar",626824210,Computer Science and Engineering,GOPENS,58305,82.3736697,80-89.99,CAP Round I,2025
6268,"Tatyasaheb Kore Institute of Engineering and Technology, Warananagar",626825210,Cyber Security,GOPENS,85839,72.8948543,Below 80,CAP Round I,2025
6268,"Tatyasaheb Kore Institute of Engineering and Technology, Warananagar",626826210,Computer Science and Business Systems,GOPENS,101773,66.4263323,Below 80,CAP Round I,2025
6268,"Tatyasaheb Kore Institute of Engineering and Technology, Warananagar",626829310,Electrical Engineering,GOPENS,81320,74.6802716,Below 80,CAP Round I,2025
6268,"Tatyasaheb Kore Institute of Engineering and Technology, Warananagar",626837210,Electronics and Telecommunication Engg,GOPENS,66511,79.7185003,Below 80,CAP Round I,2025
6268,"Tatyasaheb Kore Institute of Engineering and Technology, Warananagar",626850710,Chemical Engineering,GOPENS,53472,83.9367933,80-89.99,CAP Round I,2025
6268,"Tatyasaheb Kore Institute of Engineering and Technology, Warananagar",626861210,Mechanical Engineering,GOPENS,97550,68.4702591,Below 80,CAP Round I,2025
6269,"Shetkari Shikshan Mandal's Pad. Vasantraodada Patil Institute of Technology, Budhgaon, Sangli",626919110,Civil Engineering,GOPENS,137632,50.3223138,Below 80,CAP Round I,2025
6269,"Shetkari Shikshan Mandal's Pad. Vasantraodada Patil Institute of Technology, Budhgaon, Sangli",626924210,Computer Science and Engineering,GOPENS,82815,73.7482517,Below 80,CAP Round I,2025
6269,"Shetkari Shikshan Mandal's Pad. Vasantraodada Patil Institute of Technology, Budhgaon, Sangli",626937210,Electronics and Telecommunication Engg,GOPENS,113408,61.6834321,Below 80,CAP Round I,2025
6269,"Shetkari Shikshan Mandal's Pad. Vasantraodada Patil Institute of Technology, Budhgaon, Sangli",626946410,Instrumentation and Control Engineering,GOPENS,165803,32.6791073,Below 80,CAP Round I,2025
6269,"Shetkari Shikshan Mandal's Pad. Vasantraodada Patil Institute of Technology, Budhgaon, Sangli",626950710,Chemical Engineering,GOPENS,142514,47.3563218,Below 80,CAP Round I,2025
6269,"Shetkari Shikshan Mandal's Pad. Vasantraodada Patil Institute of Technology, Budhgaon, Sangli",626961210,Mechanical Engineering,GOPENS,126804,55.4922986,Below 80,CAP Round I,2025
6269,"Shetkari Shikshan Mandal's Pad. Vasantraodada Patil Institute of Technology, Budhgaon, Sangli",626990010,Electronics and Computer Science,GOPENS,162181,35.9295868,Below 80,CAP Round I,2025
6269,"Shetkari Shikshan Mandal's Pad. Vasantraodada Patil Institute of Technology, Budhgaon, Sangli",626992510,Computer Science and Engineering (Artificial Intelligence and Data Science),GOPENS,80823,74.9785452,Below 80,CAP Round I,2025
6269,"Shetkari Shikshan Mandal's Pad. Vasantraodada Patil Institute of Technology, Budhgaon, Sangli",626992610,Electrical and Computer Engineering,GOPENS,150289,43.1964993,Below 80,CAP Round I,2025
6270,"Rayat Shikshan Sanstha's Karmaveer Bhaurao Patil College of Engineering, Satara",627019110,Civil Engineering,GOPENH,118796,59.2797111,Below 80,CAP Round I,2025
6270,"Rayat Shikshan Sanstha's Karmaveer Bhaurao Patil College of Engineering, Satara",627024210,Computer Science and Engineering,GOPENH,75981,76.7635852,Below 80,CAP Round I,2025
6270,"Rayat Shikshan Sanstha's Karmaveer Bhaurao Patil College of Engineering, Satara",627037210,Electronics and Telecommunication Engg,GOPENH,88766,71.6607627,Below 80,CAP Round I,2025
6270,"Rayat Shikshan Sanstha's Karmaveer Bhaurao Patil College of Engineering, Satara",627061210,Mechanical Engineering,GOPENH,110897,62.918458,Below 80,CAP Round I,2025
6270,"Rayat Shikshan Sanstha's Karmaveer Bhaurao Patil College of Engineering, Satara",627099510,Artificial Intelligence and Data Science,GOPENH,72389,77.9513058,Below 80,CAP Round I,2025
6271,Pune Institute of Computer Technology,627124610,Information Technology,GOPENS,1159,99.6021953,99+,CAP Round I,2025
6271,Pune Institute of Computer Technology,627126310,Artificial Intelligence (AI) and Data Science,GOPENS,1101,99.6203413,99+,CAP Round I,2025
6271,Pune Institute of Computer Technology,627137210,Electronics and Telecommunication Engg,GOPENS,2245,99.2992853,99+,CAP Round I,2025
6271,Pune Institute of Computer Technology,627184410,Electronics and Computer Engineering,GOPENS,1267,99.5764117,99+,CAP Round I,2025
6272,"Dr. D. Y. Patil Pratishthan's D.Y.Patil College of Engineering Akurdi, Pune",627219110,Civil Engineering,GOPENS,30415,91.0675835,90-94.99,CAP Round I,2025
6272,"Dr. D. Y. Patil Pratishthan's D.Y.Patil College of Engineering Akurdi, Pune",627221910,Robotics and Automation,GOPENS,14651,95.7887398,95-98.99,CAP Round I,2025
6272,"Dr. D. Y. Patil Pratishthan's D.Y.Patil College of Engineering Akurdi, Pune",627224610,Information Technology,GOPENS,8821,97.4843223,95-98.99,CAP Round I,2025
6272,"Dr. D. Y. Patil Pratishthan's D.Y.Patil College of Engineering Akurdi, Pune",627237210,Electronics and Telecommunication Engg,GOPENS,12516,96.4057811,95-98.99,CAP Round I,2025
6272,"Dr. D. Y. Patil Pratishthan's D.Y.Patil College of Engineering Akurdi, Pune",627246610,Instrumentation Engineering,GOPENS,28501,91.699564,90-94.99,CAP Round I,2025
6272,"Dr. D. Y. Patil Pratishthan's D.Y.Patil College of Engineering Akurdi, Pune",627261210,Mechanical Engineering,GOPENS,19595,94.3106153,90-94.99,CAP Round I,2025
6272,"Dr. D. Y. Patil Pratishthan's D.Y.Patil College of Engineering Akurdi, Pune",627299510,Artificial Intelligence and Data Science,GOPENS,9528,97.2725351,95-98.99,CAP Round I,2025
6273,"Bansilal Ramnath Agarawal Charitable Trust's Vishwakarma Institute of Technology, Bibwewadi, Pune",627319110,Civil Engineering,GOPENS,17109,95.0636221,95-98.99,CAP Round I,2025
6273,"Bansilal Ramnath Agarawal Charitable Trust's Vishwakarma Institute of Technology, Bibwewadi, Pune",627324610,Information Technology,GOPENS,4811,98.5804196,95-98.99,CAP Round I,2025
6273,"Bansilal Ramnath Agarawal Charitable Trust's Vishwakarma Institute of Technology, Bibwewadi, Pune",627337210,Electronics and Telecommunication Engg,GOPENS,7614,97.8211602,95-98.99,CAP Round I,2025
6273,"Bansilal Ramnath Agarawal Charitable Trust's Vishwakarma Institute of Technology, Bibwewadi, Pune",627346410,Instrumentation and Control Engineering,GOPENS,16199,95.3315123,95-98.99,CAP Round I,2025
6273,"Bansilal Ramnath Agarawal Charitable Trust's Vishwakarma Institute of Technology, Bibwewadi, Pune",627361210,Mechanical Engineering,GOPENS,11305,96.7783105,95-98.99,CAP Round I,2025
6273,"Bansilal Ramnath Agarawal Charitable Trust's Vishwakarma Institute of Technology, Bibwewadi, Pune",627391110,Computer Science and Engineering(Artificial Intelligence and Machine Learning),GOPENS,5328,98.4416943,95-98.99,CAP Round I,2025
6273,"Bansilal Ramnath Agarawal Charitable Trust's Vishwakarma Institute of Technology, Bibwewadi, Pune",627391210,Computer Science and Engineering(Data Science),GOPENS,6617,98.0894834,95-98.99,CAP Round I,2025
6273,"Bansilal Ramnath Agarawal Charitable Trust's Vishwakarma Institute of Technology, Bibwewadi, Pune",627391310,Computer Science and Engineering (Artificial Intelligence),GOPENS,6163,98.2046366,95-98.99,CAP Round I,2025
6273,"Bansilal Ramnath Agarawal Charitable Trust's Vishwakarma Institute of Technology, Bibwewadi, Pune",627392010,Computer Science and Engineering (Internet of Things and Cyber Security Including Block Chain,GOPENS,7218,97.9240683,95-98.99,CAP Round I,2025
6273,"Bansilal Ramnath Agarawal Charitable Trust's Vishwakarma Institute of Technology, Bibwewadi, Pune",627392710,Computer Engineering (Software Engineering),GOPENS,6191,98.1993682,95-98.99,CAP Round I,2025
6273,"Bansilal Ramnath Agarawal Charitable Trust's Vishwakarma Institute of Technology, Bibwewadi, Pune",627399510,Artificial Intelligence and Data Science,GOPENS,6531,98.1051898,95-98.99,CAP Round I,2025
6274,"PVG's College of Engineering, Technology & Management",627424610,Information Technology,GOPENS,8798,97.4843223,95-98.99,CAP Round I,2025
6274,"PVG's College of Engineering, Technology & Management",627429310,Electrical Engineering,GOPENS,20771,93.9883008,90-94.99,CAP Round I,2025
6274,"PVG's College of Engineering, Technology & Management",627437210,Electronics and Telecommunication Engg,GOPENS,12736,96.3441008,95-98.99,CAP Round I,2025
6274,"PVG's College of Engineering, Technology & Management",627461210,Mechanical Engineering,GOPENS,22560,93.4619887,90-94.99,CAP Round I,2025
6274,"PVG's College of Engineering, Technology & Management",627484110,Printing and Packing Technology,GOPENS,59617,83.2103258,80-89.99,CAP Round I,2025
6274,"PVG's College of Engineering, Technology & Management",627499510,Artificial Intelligence and Data Science,GOPENS,9521,97.2725351,95-98.99,CAP Round I,2025
6275,"Shivnagar Vidya Prasarak Mandal's College of Engineering, Malegaon-Baramati",627519110,Civil Engineering,GOPENH,121276,58.2180677,Below 80,CAP Round I,2025
6275,"Shivnagar Vidya Prasarak Mandal's College of Engineering, Malegaon-Baramati",627524510,Computer Engineering,GOPENH,46428,86.2041018,80-89.99,CAP Round I,2025
6275,"Shivnagar Vidya Prasarak Mandal's College of Engineering, Malegaon-Baramati",627524610,Information Technology,GOPENH,54225,83.7674516,80-89.99,CAP Round I,2025
6275,"Shivnagar Vidya Prasarak Mandal's College of Engineering, Malegaon-Baramati",627529310,Electrical Engineering,GOPENH,91281,71.0971787,Below 80,CAP Round I,2025
6275,"Shivnagar Vidya Prasarak Mandal's College of Engineering, Malegaon-Baramati",627537210,Electronics and Telecommunication Engg,GOPENH,66758,79.6986029,Below 80,CAP Round I,2025
6275,"Shivnagar Vidya Prasarak Mandal's College of Engineering, Malegaon-Baramati",627561210,Mechanical Engineering,GOPENH,94162,69.8498837,Below 80,CAP Round I,2025
6275,"Shivnagar Vidya Prasarak Mandal's College of Engineering, Malegaon-Baramati",627562410,Mechatronics Engineering,GOPENH,120951,58.4401523,Below 80,CAP Round I,2025
6275,"Shivnagar Vidya Prasarak Mandal's College of Engineering, Malegaon-Baramati",627592110,Artificial Intelligence and Machine Learning,GOPENH,53958,83.7934335,80-89.99,CAP Round I,2025
6277,"Dr. J. J. Magdum Charitable Trust's Dr. J.J. Magdum College of Engineering, Jaysingpur",627719110,Civil Engineering,GOPENS,141147,47.8905633,Below 80,CAP Round I,2025
6277,"Dr. J. J. Magdum Charitable Trust's Dr. J.J. Magdum College of Engineering, Jaysingpur",627724210,Computer Science and Engineering,GOPENS,74765,76.9213781,Below 80,CAP Round I,2025
6277,"Dr. J. J. Magdum Charitable Trust's Dr. J.J. Magdum College of Engineering, Jaysingpur",627724610,Information Technology,GOPENS,104009,65.8462319,Below 80,CAP Round I,2025
6277,"Dr. J. J. Magdum Charitable Trust's Dr. J.J. Magdum College of Engineering, Jaysingpur",627726310,Artificial Intelligence (AI) and Data Science,GOPENS,85103,73.2612864,Below 80,CAP Round I,2025
6277,"Dr. J. J. Magdum Charitable Trust's Dr. J.J. Magdum College of Engineering, Jaysingpur",627737210,Electronics and Telecommunication Engg,GOPENS,101830,66.4263323,Below 80,CAP Round I,2025
6277,"Dr. J. J. Magdum Charitable Trust's Dr. J.J. Magdum College of Engineering, Jaysingpur",627761210,Mechanical Engineering,GOPENS,137332,50.4913264,Below 80,CAP Round I,2025
6278,"All India Shri Shivaji Memorial Society's College of Engineering, Pune",627819110,Civil Engineering,GOPENS,39580,88.2544975,80-89.99,CAP Round I,2025
6278,"All India Shri Shivaji Memorial Society's College of Engineering, Pune",627821910,Robotics and Automation,GOPENS,19146,94.4741287,90-94.99,CAP Round I,2025
6278,"All India Shri Shivaji Memorial Society's College of Engineering, Pune",627829310,Electrical Engineering,GOPENS,28000,91.7968608,90-94.99,CAP Round I,2025
6278,"All India Shri Shivaji Memorial Society's College of Engineering, Pune",627837210,Electronics and Telecommunication Engg,GOPENS,15917,95.4087502,95-98.99,CAP Round I,2025
6278,"All India Shri Shivaji Memorial Society's College of Engineering, Pune",627837810,Electronics Engineering ( VLSI Design and Technology),GOPENS,23242,93.2612864,90-94.99,CAP Round I,2025
6278,"All India Shri Shivaji Memorial Society's College of Engineering, Pune",627850710,Chemical Engineering,GOPENS,34534,89.8520525,80-89.99,CAP Round I,2025
6278,"All India Shri Shivaji Memorial Society's College of Engineering, Pune",627861210,Mechanical Engineering,GOPENS,27551,91.972622,90-94.99,CAP Round I,2025
6278,"All India Shri Shivaji Memorial Society's College of Engineering, Pune",627862510,Mechanical Engineering[Sandwich],GOPENS,43570,87.0323929,80-89.99,CAP Round I,2025
6278,"All India Shri Shivaji Memorial Society's College of Engineering, Pune",627892110,Artificial Intelligence and Machine Learning,GOPENS,13554,96.1253404,95-98.99,CAP Round I,2025
6281,"Modern Education Society's Wadia College of Engineering, Pune",628137210,Electronics and Telecommunication Engg,GOPENH,29410,91.3593874,90-94.99,CAP Round I,2025
6281,"Modern Education Society's Wadia College of Engineering, Pune",628161210,Mechanical Engineering,GOPENH,55353,83.3397246,80-89.99,CAP Round I,2025
6281,"Modern Education Society's Wadia College of Engineering, Pune",628191610,Automation and Robotics,GOPENH,36007,89.3717407,80-89.99,CAP Round I,2025
6282,"All India Shri Shivaji Memorial Society's Institute of Information Technology,Pune",628224610,Information Technology,GOPENS,13325,96.171967,95-98.99,CAP Round I,2025
6282,"All India Shri Shivaji Memorial Society's Institute of Information Technology,Pune",628229310,Electrical Engineering,GOPENS,30230,91.0751777,90-94.99,CAP Round I,2025
6282,"All India Shri Shivaji Memorial Society's Institute of Information Technology,Pune",628237210,Electronics and Telecommunication Engg,GOPENS,17067,95.0717753,95-98.99,CAP Round I,2025
6282,"All India Shri Shivaji Memorial Society's Institute of Information Technology,Pune",628246610,Instrumentation Engineering,GOPENS,35779,89.4914664,80-89.99,CAP Round I,2025
6282,"All India Shri Shivaji Memorial Society's Institute of Information Technology,Pune",628299510,Artificial Intelligence and Data Science,GOPENS,14091,95.970516,95-98.99,CAP Round I,2025
6283,"Annasaheb Dange College of Engineering and Technology, Ashta, Sangli",628300210,Aeronautical Engineering,GOPENS,76793,76.2716859,Below 80,CAP Round I,2025
6283,"Annasaheb Dange College of Engineering and Technology, Ashta, Sangli",628319110,Civil Engineering,GOPENS,83677,73.6328536,Below 80,CAP Round I,2025
6283,"Annasaheb Dange College of Engineering and Technology, Ashta, Sangli",628324210,Computer Science and Engineering,GOPENS,43336,87.1376478,80-89.99,CAP Round I,2025
6283,"Annasaheb Dange College of Engineering and Technology, Ashta, Sangli",628326310,Artificial Intelligence (AI) and Data Science,GOPENS,44934,86.6751751,80-89.99,CAP Round I,2025
6283,"Annasaheb Dange College of Engineering and Technology, Ashta, Sangli",628326610,Robotics and Artificial Intelligence,GOPENS,66597,79.7185003,Below 80,CAP Round I,2025
6283,"Annasaheb Dange College of Engineering and Technology, Ashta, Sangli",628329310,Electrical Engineering,GOPENS,72269,77.9513058,Below 80,CAP Round I,2025
6283,"Annasaheb Dange College of Engineering and Technology, Ashta, Sangli",628350310,Food Technology,GOPENS,38139,89.5355262,80-89.99,CAP Round I,2025
6283,"Annasaheb Dange College of Engineering and Technology, Ashta, Sangli",628361210,Mechanical Engineering,GOPENS,74445,76.9322569,Below 80,CAP Round I,2025
6283,"Annasaheb Dange College of Engineering and Technology, Ashta, Sangli",628392010,Computer Science and Engineering (Internet of Things and Cyber Security Including Block Chain,GOPENS,56189,83.0707711,80-89.99,CAP Round I,2025
6284,"Vidya Pratishthan's Kamalnayan Bajaj Institute of Engineering & Technology, Baramati Dist.Pune",628419110,Civil Engineering,GOPENS,72534,77.5384615,Below 80,CAP Round I,2025
6284,"Vidya Pratishthan's Kamalnayan Bajaj Institute of Engineering & Technology, Baramati Dist.Pune",628424510,Computer Engineering,GOPENS,28012,91.7968608,90-94.99,CAP Round I,2025
6284,"Vidya Pratishthan's Kamalnayan Bajaj Institute of Engineering & Technology, Baramati Dist.Pune",628424610,Information Technology,GOPENS,34391,89.861767,80-89.99,CAP Round I,2025
6284,"Vidya Pratishthan's Kamalnayan Bajaj Institute of Engineering & Technology, Baramati Dist.Pune",628429310,Electrical Engineering,GOPENS,60212,81.8021201,80-89.99,CAP Round I,2025
6284,"Vidya Pratishthan's Kamalnayan Bajaj Institute of Engineering & Technology, Baramati Dist.Pune",628437210,Electronics and Telecommunication Engg,GOPENS,40737,87.9289094,80-89.99,CAP Round I,2025
6284,"Vidya Pratishthan's Kamalnayan Bajaj Institute of Engineering & Technology, Baramati Dist.Pune",628461210,Mechanical Engineering,GOPENS,63197,80.8599071,80-89.99,CAP Round I,2025
6284,"Vidya Pratishthan's Kamalnayan Bajaj Institute of Engineering & Technology, Baramati Dist.Pune",628499510,Artificial Intelligence and Data Science,GOPENS,37116,89.0680212,80-89.99,CAP Round I,2025
6288,"Bharati Vidyapeeth's College of Engineering, Kolhapur",628819110,Civil Engineering,GOPENH,114914,60.9090909,Below 80,CAP Round I,2025
6288,"Bharati Vidyapeeth's College of Engineering, Kolhapur",628824210,Computer Science and Engineering,GOPENH,68488,79.027972,Below 80,CAP Round I,2025
6288,"Bharati Vidyapeeth's College of Engineering, Kolhapur",628837210,Electronics and Telecommunication Engg,GOPENH,76795,76.2716859,Below 80,CAP Round I,2025
6288,"Bharati Vidyapeeth's College of Engineering, Kolhapur",628861210,Mechanical Engineering,GOPENH,98582,68.1164395,Below 80,CAP Round I,2025
6288,"Bharati Vidyapeeth's College of Engineering, Kolhapur",628891110,Computer Science and Engineering(Artificial Intelligence and Machine Learning),GOPENH,63475,80.7807182,80-89.99,CAP Round I,2025
6293,"Kai Amdar Bramhadevdada Mane Shikshan & Samajik Prathistan's Bramhadevdada Mane Institute of Technology, Solapur",629324210,Computer Science and Engineering,GOPENH,137261,50.4913264,Below 80,CAP Round I,2025
6293,"Kai Amdar Bramhadevdada Mane Shikshan & Samajik Prathistan's Bramhadevdada Mane Institute of Technology, Solapur",629329310,Electrical Engineering,GOPENH,183876,19.7061157,Below 80,CAP Round I,2025
6293,"Kai Amdar Bramhadevdada Mane Shikshan & Samajik Prathistan's Bramhadevdada Mane Institute of Technology, Solapur",629337210,Electronics and Telecommunication Engg,GOPENH,176447,25.5643537,Below 80,CAP Round I,2025
6293,"Kai Amdar Bramhadevdada Mane Shikshan & Samajik Prathistan's Bramhadevdada Mane Institute of Technology, Solapur",629361210,Mechanical Engineering,GOPENH,184934,19.1697794,Below 80,CAP Round I,2025
6293,"Kai Amdar Bramhadevdada Mane Shikshan & Samajik Prathistan's Bramhadevdada Mane Institute of Technology, Solapur",629399510,Artificial Intelligence and Data Science,GOPENH,143817,47.0502678,Below 80,CAP Round I,2025
6298,"Zeal Education Society's Zeal College of Engineering & Reserch, Narhe, Pune",629819110,Civil Engineering,GOPENS,91606,70.7504568,Below 80,CAP Round I,2025
6298,"Zeal Education Society's Zeal College of Engineering & Reserch, Narhe, Pune",629821910,Robotics and Automation,GOPENS,74962,76.8973331,Below 80,CAP Round I,2025
6298,"Zeal Education Society's Zeal College of Engineering & Reserch, Narhe, Pune",629824510,Computer Engineering,GOPENS,40601,87.9466479,80-89.99,CAP Round I,2025
6298,"Zeal Education Society's Zeal College of Engineering & Reserch, Narhe, Pune",629824610,Information Technology,GOPENS,48139,85.6421968,80-89.99,CAP Round I,2025
6298,"Zeal Education Society's Zeal College of Engineering & Reserch, Narhe, Pune",629827110,Computer Engineering (Regional Language),GOPENS,59495,82.1124479,80-89.99,CAP Round I,2025
6298,"Zeal Education Society's Zeal College of Engineering & Reserch, Narhe, Pune",629829310,Electrical Engineering,GOPENS,92316,70.507201,Below 80,CAP Round I,2025
6298,"Zeal Education Society's Zeal College of Engineering & Reserch, Narhe, Pune",629837210,Electronics and Telecommunication Engg,GOPENS,58339,82.3736697,80-89.99,CAP Round I,2025
6298,"Zeal Education Society's Zeal College of Engineering & Reserch, Narhe, Pune",629861210,Mechanical Engineering,GOPENS,96712,68.8687467,Below 80,CAP Round I,2025
6298,"Zeal Education Society's Zeal College of Engineering & Reserch, Narhe, Pune",629884410,Electronics and Computer Engineering,GOPENS,64077,80.602179,80-89.99,CAP Round I,2025
6298,"Zeal Education Society's Zeal College of Engineering & Reserch, Narhe, Pune",629892110,Artificial Intelligence and Machine Learning,GOPENS,50744,84.8660601,80-89.99,CAP Round I,2025
6298,"Zeal Education Society's Zeal College of Engineering & Reserch, Narhe, Pune",629899510,Artificial Intelligence and Data Science,GOPENS,52594,84.1437716,80-89.99,CAP Round I,2025
6303,"Dr. Ashok Gujar Technical Institute's Dr. Daulatrao Aher College of Engineering, Karad",630319110,Civil Engineering,GOPENH,134327,51.7009371,Below 80,CAP Round I,2025
6303,"Dr. Ashok Gujar Technical Institute's Dr. Daulatrao Aher College of Engineering, Karad",630324210,Computer Science and Engineering,GOPENH,72799,77.5384615,Below 80,CAP Round I,2025
6303,"Dr. Ashok Gujar Technical Institute's Dr. Daulatrao Aher College of Engineering, Karad",630337210,Electronics and Telecommunication Engg,GOPENH,113102,61.796967,Below 80,CAP Round I,2025
6303,"Dr. Ashok Gujar Technical Institute's Dr. Daulatrao Aher College of Engineering, Karad",630361210,Mechanical Engineering,GOPENH,144253,46.7613499,Below 80,CAP Round I,2025
6303,"Dr. Ashok Gujar Technical Institute's Dr. Daulatrao Aher College of Engineering, Karad",630399510,Artificial Intelligence and Data Science,GOPENH,74979,76.8973331,Below 80,CAP Round I,2025
6304,"Loknete Hanumantrao Charitable Trust's Adarsh Institute of Technology and Research Centre, Vita,Sangli",630419110,Civil Engineering,GOPENS,167752,32.1281783,Below 80,CAP Round I,2025
6304,"Loknete Hanumantrao Charitable Trust's Adarsh Institute of Technology and Research Centre, Vita,Sangli",630424210,Computer Science and Engineering,GOPENS,126502,55.6405756,Below 80,CAP Round I,2025
6304,"Loknete Hanumantrao Charitable Trust's Adarsh Institute of Technology and Research Centre, Vita,Sangli",630429310,Electrical Engineering,GOPENS,162202,35.9295868,Below 80,CAP Round I,2025
6304,"Loknete Hanumantrao Charitable Trust's Adarsh Institute of Technology and Research Centre, Vita,Sangli",630437210,Electronics and Telecommunication Engg,GOPENS,143085,47.13962,Below 80,CAP Round I,2025
6304,"Loknete Hanumantrao Charitable Trust's Adarsh Institute of Technology and Research Centre, Vita,Sangli",630461210,Mechanical Engineering,GOPENS,137185,50.4913264,Below 80,CAP Round I,2025
6304,"Loknete Hanumantrao Charitable Trust's Adarsh Institute of Technology and Research Centre, Vita,Sangli",630492110,Artificial Intelligence and Machine Learning,GOPENS,132525,52.8806012,Below 80,CAP Round I,2025
6305,"Late Narayandas Bhawandas Chhabada Institute of Engineering & Technology, Satara",630519110,Civil Engineering,GOPENS,174414,28.1994074,Below 80,CAP Round I,2025
6305,"Late Narayandas Bhawandas Chhabada Institute of Engineering & Technology, Satara",630524210,Computer Science and Engineering,GOPENS,186799,17.6786167,Below 80,CAP Round I,2025
6305,"Late Narayandas Bhawandas Chhabada Institute of Engineering & Technology, Satara",630524610,Information Technology,GOPENS,197520,7.4355245,Below 80,CAP Round I,2025
6305,"Late Narayandas Bhawandas Chhabada Institute of Engineering & Technology, Satara",630537210,Electronics and Telecommunication Engg,GOPENS,188629,15.8481365,Below 80,CAP Round I,2025
6307,"Dhole Patil Education Society, Dhole Patil College of Engineering, Wagholi, Tal. Haveli",630724510,Computer Engineering,GOPENH,47535,85.8824755,80-89.99,CAP Round I,2025
6307,"Dhole Patil Education Society, Dhole Patil College of Engineering, Wagholi, Tal. Haveli",630724610,Information Technology,GOPENH,51845,84.4950314,80-89.99,CAP Round I,2025
6307,"Dhole Patil Education Society, Dhole Patil College of Engineering, Wagholi, Tal. Haveli",630737210,Electronics and Telecommunication Engg,GOPENH,69519,78.6137148,Below 80,CAP Round I,2025
6307,"Dhole Patil Education Society, Dhole Patil College of Engineering, Wagholi, Tal. Haveli",630760210,Automobile Engineering,GOPENH,105889,65.3084343,Below 80,CAP Round I,2025
6308,"Shanti Education Society, A.G. Patil Institute of Technology, Soregaon, Solapur(North)",630819110,Civil Engineering,GOPENH,167963,32.1281783,Below 80,CAP Round I,2025
6308,"Shanti Education Society, A.G. Patil Institute of Technology, Soregaon, Solapur(North)",630824510,Computer Engineering,GOPENH,95835,69.0979021,Below 80,CAP Round I,2025
6308,"Shanti Education Society, A.G. Patil Institute of Technology, Soregaon, Solapur(North)",630837210,Electronics and Telecommunication Engg,GOPENH,129068,54.4314351,Below 80,CAP Round I,2025
6308,"Shanti Education Society, A.G. Patil Institute of Technology, Soregaon, Solapur(North)",630861210,Mechanical Engineering,GOPENH,165468,33.0802795,Below 80,CAP Round I,2025
6310,"Nutan Maharashtra Vidya Prasarak Mandal, Nutan Maharashtra Institute of Engineering &Technology, Talegaon station, Pune",631024210,Computer Science and Engineering,GOPENS,28894,91.503982,90-94.99,CAP Round I,2025
6310,"Nutan Maharashtra Vidya Prasarak Mandal, Nutan Maharashtra Institute of Engineering &Technology, Talegaon station, Pune",631024510,Computer Engineering,GOPENS,25779,92.4545035,90-94.99,CAP Round I,2025
6310,"Nutan Maharashtra Vidya Prasarak Mandal, Nutan Maharashtra Institute of Engineering &Technology, Talegaon station, Pune",631024610,Information Technology,GOPENS,30960,90.8847092,90-94.99,CAP Round I,2025
6310,"Nutan Maharashtra Vidya Prasarak Mandal, Nutan Maharashtra Institute of Engineering &Technology, Talegaon station, Pune",631037210,Electronics and Telecommunication Engg,GOPENS,39525,88.3176594,80-89.99,CAP Round I,2025
6310,"Nutan Maharashtra Vidya Prasarak Mandal, Nutan Maharashtra Institute of Engineering &Technology, Talegaon station, Pune",631061210,Mechanical Engineering,GOPENS,68849,78.8357161,Below 80,CAP Round I,2025
6310,"Nutan Maharashtra Vidya Prasarak Mandal, Nutan Maharashtra Institute of Engineering &Technology, Talegaon station, Pune",631084410,Electronics and Computer Engineering,GOPENS,43768,86.9651776,80-89.99,CAP Round I,2025
6310,"Nutan Maharashtra Vidya Prasarak Mandal, Nutan Maharashtra Institute of Engineering &Technology, Talegaon station, Pune",631091310,Computer Science and Engineering (Artificial Intelligence),GOPENS,30753,91.0114841,90-94.99,CAP Round I,2025
6310,"Nutan Maharashtra Vidya Prasarak Mandal, Nutan Maharashtra Institute of Engineering &Technology, Talegaon station, Pune",631099510,Artificial Intelligence and Data Science,GOPENS,32353,90.5015276,90-94.99,CAP Round I,2025
6311,"Jayawant Shikshan Prasarak Mandal, Bhivarabai Sawant Institute of Technology & Research, Wagholi",631124510,Computer Engineering,GOPENH,36435,89.2739334,80-89.99,CAP Round I,2025
6311,"Jayawant Shikshan Prasarak Mandal, Bhivarabai Sawant Institute of Technology & Research, Wagholi",631124610,Information Technology,GOPENH,42871,87.3181818,80-89.99,CAP Round I,2025
6311,"Jayawant Shikshan Prasarak Mandal, Bhivarabai Sawant Institute of Technology & Research, Wagholi",631129310,Electrical Engineering,GOPENH,84127,73.5570613,Below 80,CAP Round I,2025
6311,"Jayawant Shikshan Prasarak Mandal, Bhivarabai Sawant Institute of Technology & Research, Wagholi",631137210,Electronics and Telecommunication Engg,GOPENH,49664,85.113912,80-89.99,CAP Round I,2025
6311,"Jayawant Shikshan Prasarak Mandal, Bhivarabai Sawant Institute of Technology & Research, Wagholi",631161210,Mechanical Engineering,GOPENH,97579,68.4702591,Below 80,CAP Round I,2025
6313,"Jaywant College of Engineering & Polytechnic , Kille Macchindragad Tal. Walva District- Sangali",631319110,Civil Engineering,GOPENH,202034,2.4063712,Below 80,CAP Round I,2025
6313,"Jaywant College of Engineering & Polytechnic , Kille Macchindragad Tal. Walva District- Sangali",631324510,Computer Engineering,GOPENH,127693,55.1895416,Below 80,CAP Round I,2025
6313,"Jaywant College of Engineering & Polytechnic , Kille Macchindragad Tal. Walva District- Sangali",631326310,Artificial Intelligence (AI) and Data Science,GOPENH,113574,61.6834321,Below 80,CAP Round I,2025
6313,"Jaywant College of Engineering & Polytechnic , Kille Macchindragad Tal. Walva District- Sangali",631329310,Electrical Engineering,GOPENH,170665,29.5314685,Below 80,CAP Round I,2025
6313,"Jaywant College of Engineering & Polytechnic , Kille Macchindragad Tal. Walva District- Sangali",631337210,Electronics and Telecommunication Engg,GOPENH,148778,43.74434,Below 80,CAP Round I,2025
6313,"Jaywant College of Engineering & Polytechnic , Kille Macchindragad Tal. Walva District- Sangali",631361210,Mechanical Engineering,GOPENH,173644,28.3031822,Below 80,CAP Round I,2025
6315,Sanjeevan Group of Institutions,631519110,Civil Engineering,GOPENH,137842,50.3223138,Below 80,CAP Round I,2025
6315,Sanjeevan Group of Institutions,631524210,Computer Science and Engineering,GOPENH,129721,54.1537389,Below 80,CAP Round I,2025
6315,Sanjeevan Group of Institutions,631529310,Electrical Engineering,GOPENH,174431,28.1994074,Below 80,CAP Round I,2025
6315,Sanjeevan Group of Institutions,631561210,Mechanical Engineering,GOPENH,165046,33.465035,Below 80,CAP Round I,2025
6315,Sanjeevan Group of Institutions,631584410,Electronics and Computer Engineering,GOPENH,153354,41.4020979,Below 80,CAP Round I,2025
6315,Sanjeevan Group of Institutions,631592110,Artificial Intelligence and Machine Learning,GOPENH,138415,49.6043895,Below 80,CAP Round I,2025
6317,"Sharad Institute of Technology College of Engineering, Yadrav(Ichalkaranji)",631719110,Civil Engineering,GOPENS,122389,57.5410529,Below 80,CAP Round I,2025
6317,"Sharad Institute of Technology College of Engineering, Yadrav(Ichalkaranji)",631724210,Computer Science and Engineering,GOPENS,69641,78.6137148,Below 80,CAP Round I,2025
6317,"Sharad Institute of Technology College of Engineering, Yadrav(Ichalkaranji)",631729310,Electrical Engineering,GOPENS,116033,60.4378874,Below 80,CAP Round I,2025
6317,"Sharad Institute of Technology College of Engineering, Yadrav(Ichalkaranji)",631761210,Mechanical Engineering,GOPENS,112013,62.1412608,Below 80,CAP Round I,2025
6317,"Sharad Institute of Technology College of Engineering, Yadrav(Ichalkaranji)",631762410,Mechatronics Engineering,GOPENS,141370,47.8905633,Below 80,CAP Round I,2025
6317,"Sharad Institute of Technology College of Engineering, Yadrav(Ichalkaranji)",631784410,Electronics and Computer Engineering,GOPENS,101867,66.4263323,Below 80,CAP Round I,2025
6317,"Sharad Institute of Technology College of Engineering, Yadrav(Ichalkaranji)",631791610,Automation and Robotics,GOPENS,128288,54.5872518,Below 80,CAP Round I,2025
6317,"Sharad Institute of Technology College of Engineering, Yadrav(Ichalkaranji)",631799510,Artificial Intelligence and Data Science,GOPENS,73426,77.161886,Below 80,CAP Round I,2025
6319,"Shahajirao Patil Vikas Pratishthan, S.B.Patil College of Engineering, Vangali, Tal. Indapur",631919110,Civil Engineering,GOPENH,149220,43.658874,Below 80,CAP Round I,2025
6319,"Shahajirao Patil Vikas Pratishthan, S.B.Patil College of Engineering, Vangali, Tal. Indapur",631924510,Computer Engineering,GOPENH,93188,70.2033567,Below 80,CAP Round I,2025
6319,"Shahajirao Patil Vikas Pratishthan, S.B.Patil College of Engineering, Vangali, Tal. Indapur",631924610,Information Technology,GOPENH,95689,69.2179237,Below 80,CAP Round I,2025
6319,"Shahajirao Patil Vikas Pratishthan, S.B.Patil College of Engineering, Vangali, Tal. Indapur",631926310,Artificial Intelligence (AI) and Data Science,GOPENH,83415,73.6328536,Below 80,CAP Round I,2025
6319,"Shahajirao Patil Vikas Pratishthan, S.B.Patil College of Engineering, Vangali, Tal. Indapur",631929310,Electrical Engineering,GOPENH,142264,47.3563218,Below 80,CAP Round I,2025
6319,"Shahajirao Patil Vikas Pratishthan, S.B.Patil College of Engineering, Vangali, Tal. Indapur",631937210,Electronics and Telecommunication Engg,GOPENH,125912,55.9381337,Below 80,CAP Round I,2025
6319,"Shahajirao Patil Vikas Pratishthan, S.B.Patil College of Engineering, Vangali, Tal. Indapur",631961210,Mechanical Engineering,GOPENH,129787,54.0903901,Below 80,CAP Round I,2025
6320,"K.J.'s Educational Institute's K.J.College of Engineering & Management Research, Pisoli",632019110,Civil Engineering,GOPENH,175736,25.8355418,Below 80,CAP Round I,2025
6320,"K.J.'s Educational Institute's K.J.College of Engineering & Management Research, Pisoli",632024510,Computer Engineering,GOPENH,70150,78.5512207,Below 80,CAP Round I,2025
6320,"K.J.'s Educational Institute's K.J.College of Engineering & Management Research, Pisoli",632029310,Electrical Engineering,GOPENH,128748,54.5739657,Below 80,CAP Round I,2025
6320,"K.J.'s Educational Institute's K.J.College of Engineering & Management Research, Pisoli",632037210,Electronics and Telecommunication Engg,GOPENH,87773,72.102802,Below 80,CAP Round I,2025
6320,"K.J.'s Educational Institute's K.J.College of Engineering & Management Research, Pisoli",632037810,Electronics Engineering ( VLSI Design and Technology),GOPENH,129726,54.0903901,Below 80,CAP Round I,2025
6320,"K.J.'s Educational Institute's K.J.College of Engineering & Management Research, Pisoli",632061210,Mechanical Engineering,GOPENH,161135,36.1161649,Below 80,CAP Round I,2025
6320,"K.J.'s Educational Institute's K.J.College of Engineering & Management Research, Pisoli",632092810,Electronics and Communication(Advanced Communication Technology),GOPENH,117122,60.3213757,Below 80,CAP Round I,2025
6321,"Vidya Vikas Pratishthan Institute of Engineering and Technology, Solapur",632119110,Civil Engineering,GOPENH,198866,6.0307212,Below 80,CAP Round I,2025
6321,"Vidya Vikas Pratishthan Institute of Engineering and Technology, Solapur",632124210,Computer Science and Engineering,GOPENH,149047,43.658874,Below 80,CAP Round I,2025
6321,"Vidya Vikas Pratishthan Institute of Engineering and Technology, Solapur",632129310,Electrical Engineering,GOPENH,201997,2.4406683,Below 80,CAP Round I,2025
6321,"Vidya Vikas Pratishthan Institute of Engineering and Technology, Solapur",632137210,Electronics and Telecommunication Engg,GOPENH,191042,13.6137728,Below 80,CAP Round I,2025
6321,"Vidya Vikas Pratishthan Institute of Engineering and Technology, Solapur",632199510,Artificial Intelligence and Data Science,GOPENH,153768,40.6822054,Below 80,CAP Round I,2025
6322,"Shree Gajanan Maharaj Shikshan Prasarak Manda'l Sharadchandra Pawar College of Engineering, Dumbarwadi",632224510,Computer Engineering,GOPENH,119555,58.8994542,Below 80,CAP Round I,2025
6322,"Shree Gajanan Maharaj Shikshan Prasarak Manda'l Sharadchandra Pawar College of Engineering, Dumbarwadi",632237210,Electronics and Telecommunication Engg,GOPENH,155541,39.7546871,Below 80,CAP Round I,2025
6322,"Shree Gajanan Maharaj Shikshan Prasarak Manda'l Sharadchandra Pawar College of Engineering, Dumbarwadi",632261210,Mechanical Engineering,GOPENH,184571,19.2051273,Below 80,CAP Round I,2025
6322,"Shree Gajanan Maharaj Shikshan Prasarak Manda'l Sharadchandra Pawar College of Engineering, Dumbarwadi",632292110,Artificial Intelligence and Machine Learning,GOPENH,129667,54.1537389,Below 80,CAP Round I,2025
6324,Rajgad Technical Campus,632419110,Civil Engineering,GOPENH,162586,35.7798895,Below 80,CAP Round I,2025
6324,Rajgad Technical Campus,632424510,Computer Engineering,GOPENH,111982,62.1412608,Below 80,CAP Round I,2025
6324,Rajgad Technical Campus,632426310,Artificial Intelligence (AI) and Data Science,GOPENH,105396,65.5190641,Below 80,CAP Round I,2025
6324,Rajgad Technical Campus,632437210,Electronics and Telecommunication Engg,GOPENH,138089,49.7291102,Below 80,CAP Round I,2025
6324,Rajgad Technical Campus,632461210,Mechanical Engineering,GOPENH,163139,35.6771832,Below 80,CAP Round I,2025
6325,"Alard Charitable Trust's Alard College of Engineering and Management, Pune",632519110,Civil Engineering,GOPENH,159871,36.5248856,Below 80,CAP Round I,2025
6325,"Alard Charitable Trust's Alard College of Engineering and Management, Pune",632524510,Computer Engineering,GOPENH,57402,82.777662,80-89.99,CAP Round I,2025
6325,"Alard Charitable Trust's Alard College of Engineering and Management, Pune",632525710,Computer Science and Design,GOPENH,78656,75.4048881,Below 80,CAP Round I,2025
6325,"Alard Charitable Trust's Alard College of Engineering and Management, Pune",632529310,Electrical Engineering,GOPENH,125588,56.2929777,Below 80,CAP Round I,2025
6325,"Alard Charitable Trust's Alard College of Engineering and Management, Pune",632537210,Electronics and Telecommunication Engg,GOPENH,87905,72.102802,Below 80,CAP Round I,2025
6325,"Alard Charitable Trust's Alard College of Engineering and Management, Pune",632537810,Electronics Engineering ( VLSI Design and Technology),GOPENH,151432,42.7403863,Below 80,CAP Round I,2025
6325,"Alard Charitable Trust's Alard College of Engineering and Management, Pune",632561210,Mechanical Engineering,GOPENH,141596,47.8015007,Below 80,CAP Round I,2025
6325,"Alard Charitable Trust's Alard College of Engineering and Management, Pune",632592110,Artificial Intelligence and Machine Learning,GOPENH,66603,79.7185003,Below 80,CAP Round I,2025
6325,"Alard Charitable Trust's Alard College of Engineering and Management, Pune",632593310,Electronics and Communication (Advanced Communication Technology),GOPENH,127884,55.1895416,Below 80,CAP Round I,2025
6326,Karmayogi Institute of Technology,632619110,Civil Engineering,GOPENH,176465,25.5643537,Below 80,CAP Round I,2025
6326,Karmayogi Institute of Technology,632624210,Computer Science and Engineering,GOPENH,114795,60.9090909,Below 80,CAP Round I,2025
6326,Karmayogi Institute of Technology,632637210,Electronics and Telecommunication Engg,GOPENH,132529,52.8806012,Below 80,CAP Round I,2025
6326,Karmayogi Institute of Technology,632661210,Mechanical Engineering,GOPENH,155002,39.902473,Below 80,CAP Round I,2025
6402,"NEW INSTITUTE OF TECHNOLOGY,KOLHAPUR",640224210,Computer Science and Engineering,GOPENH,108092,63.8244514,Below 80,CAP Round I,2025
6402,"NEW INSTITUTE OF TECHNOLOGY,KOLHAPUR",640225910,Mechanical and Mechatronics Engineering (Additive Manufacturing),GOPENH,181113,22.1118881,Below 80,CAP Round I,2025
6402,"NEW INSTITUTE OF TECHNOLOGY,KOLHAPUR",640257310,"Electrical, Electronics and Power",GOPENH,153647,41.4020979,Below 80,CAP Round I,2025
6402,"NEW INSTITUTE OF TECHNOLOGY,KOLHAPUR",640291110,Computer Science and Engineering(Artificial Intelligence and Machine Learning),GOPENH,109843,63.3986014,Below 80,CAP Round I,2025
6444,"Shriram Institute Of Engineering & Technology, (Poly), Paniv",644419110,Civil Engineering,GOPENH,138847,49.4020979,Below 80,CAP Round I,2025
6444,"Shriram Institute Of Engineering & Technology, (Poly), Paniv",644424510,Computer Engineering,GOPENH,164800,33.6209084,Below 80,CAP Round I,2025
6444,"Shriram Institute Of Engineering & Technology, (Poly), Paniv",644461210,Mechanical Engineering,GOPENH,192597,12.3781915,Below 80,CAP Round I,2025
6466,"Shree Santkrupa Shikshan Sanstha, Shree Santkrupa Institute Of Engineering & Technology, Karad",646619110,Civil Engineering,GOPENH,193101,11.7097752,Below 80,CAP Round I,2025
6466,"Shree Santkrupa Shikshan Sanstha, Shree Santkrupa Institute Of Engineering & Technology, Karad",646624210,Computer Science and Engineering,GOPENH,114854,60.9090909,Below 80,CAP Round I,2025
6466,"Shree Santkrupa Shikshan Sanstha, Shree Santkrupa Institute Of Engineering & Technology, Karad",646629310,Electrical Engineering,GOPENH,150442,43.1964993,Below 80,CAP Round I,2025
6466,"Shree Santkrupa Shikshan Sanstha, Shree Santkrupa Institute Of Engineering & Technology, Karad",646661210,Mechanical Engineering,GOPENH,173485,28.3463753,Below 80,CAP Round I,2025
6467,"Swami Vivekanand Institute Of Technology, Solapur",646724210,Computer Science and Engineering,GOPENH,122335,57.6249683,Below 80,CAP Round I,2025
6467,"Swami Vivekanand Institute Of Technology, Solapur",646724610,Information Technology,GOPENH,149342,43.5338318,Below 80,CAP Round I,2025
6467,"Swami Vivekanand Institute Of Technology, Solapur",646729310,Electrical Engineering,GOPENH,189417,15.3499592,Below 80,CAP Round I,2025
6467,"Swami Vivekanand Institute Of Technology, Solapur",646737210,Electronics and Telecommunication Engg,GOPENH,151462,42.7403863,Below 80,CAP Round I,2025
6468,"Swami Vivekananda Shikshan Sanstha, Dr. Bapuji Salunkhe Institute Of Engineering & Technology,Kolhapur",646824210,Computer Science and Engineering,GOPENH,103405,66.1695365,Below 80,CAP Round I,2025
6468,"Swami Vivekananda Shikshan Sanstha, Dr. Bapuji Salunkhe Institute Of Engineering & Technology,Kolhapur",646829310,Electrical Engineering,GOPENH,139142,49.4020979,Below 80,CAP Round I,2025
6468,"Swami Vivekananda Shikshan Sanstha, Dr. Bapuji Salunkhe Institute Of Engineering & Technology,Kolhapur",646837210,Electronics and Telecommunication Engg,GOPENH,126258,55.6405756,Below 80,CAP Round I,2025
6468,"Swami Vivekananda Shikshan Sanstha, Dr. Bapuji Salunkhe Institute Of Engineering & Technology,Kolhapur",646884410,Electronics and Computer Engineering,GOPENH,131868,53.2657343,Below 80,CAP Round I,2025
6468,"Swami Vivekananda Shikshan Sanstha, Dr. Bapuji Salunkhe Institute Of Engineering & Technology,Kolhapur",646891110,Computer Science and Engineering(Artificial Intelligence and Machine Learning),GOPENH,86838,72.6730266,Below 80,CAP Round I,2025
6545,"Samarth Education Trust's Arvind Gavali College Of Engineering Panwalewadi, Varye,Satara.",654524210,Computer Science and Engineering,GOPENS,135652,50.9683037,Below 80,CAP Round I,2025
6545,"Samarth Education Trust's Arvind Gavali College Of Engineering Panwalewadi, Varye,Satara.",654526310,Artificial Intelligence (AI) and Data Science,GOPENS,123020,57.4376852,Below 80,CAP Round I,2025
6545,"Samarth Education Trust's Arvind Gavali College Of Engineering Panwalewadi, Varye,Satara.",654529310,Electrical Engineering,GOPENS,171530,29.0442453,Below 80,CAP Round I,2025
6545,"Samarth Education Trust's Arvind Gavali College Of Engineering Panwalewadi, Varye,Satara.",654537210,Electronics and Telecommunication Engg,GOPENS,143168,47.13962,Below 80,CAP Round I,2025
6545,"Samarth Education Trust's Arvind Gavali College Of Engineering Panwalewadi, Varye,Satara.",654561210,Mechanical Engineering,GOPENS,159895,36.5248856,Below 80,CAP Round I,2025
6545,"Samarth Education Trust's Arvind Gavali College Of Engineering Panwalewadi, Varye,Satara.",654584410,Electronics and Computer Engineering,GOPENS,184665,19.2051273,Below 80,CAP Round I,2025
6609,"Jaihind College Of Engineering,Kuran",660919110,Civil Engineering,GOPENH,137142,50.4913264,Below 80,CAP Round I,2025
6609,"Jaihind College Of Engineering,Kuran",660924510,Computer Engineering,GOPENH,85427,73.1347962,Below 80,CAP Round I,2025
6609,"Jaihind College Of Engineering,Kuran",660926310,Artificial Intelligence (AI) and Data Science,GOPENH,90809,71.173087,Below 80,CAP Round I,2025
6609,"Jaihind College Of Engineering,Kuran",660937210,Electronics and Telecommunication Engg,GOPENH,110600,63.200058,Below 80,CAP Round I,2025
6609,"Jaihind College Of Engineering,Kuran",660961210,Mechanical Engineering,GOPENH,136041,50.8281802,Below 80,CAP Round I,2025
6609,"Jaihind College Of Engineering,Kuran",660984410,Electronics and Computer Engineering,GOPENH,129205,54.4314351,Below 80,CAP Round I,2025
6622,ISBM College Of Engineering Pune,662224510,Computer Engineering,GOPENH,55595,83.2103258,80-89.99,CAP Round I,2025
6622,ISBM College Of Engineering Pune,662237210,Electronics and Telecommunication Engg,GOPENH,68179,79.3004726,Below 80,CAP Round I,2025
6622,ISBM College Of Engineering Pune,662237810,Electronics Engineering ( VLSI Design and Technology),GOPENH,103436,66.1695365,Below 80,CAP Round I,2025
6622,ISBM College Of Engineering Pune,662256610,Computer Science,GOPENH,49609,85.113912,80-89.99,CAP Round I,2025
6622,ISBM College Of Engineering Pune,662261210,Mechanical Engineering,GOPENH,115531,60.634478,Below 80,CAP Round I,2025
6622,ISBM College Of Engineering Pune,662292110,Artificial Intelligence and Machine Learning,GOPENH,60854,81.6328671,80-89.99,CAP Round I,2025
6622,ISBM College Of Engineering Pune,662299510,Artificial Intelligence and Data Science,GOPENH,57380,82.777662,80-89.99,CAP Round I,2025
6625,"Universal College of Engineering & Research, Sasewadi",662519110,Civil Engineering,GOPENH,175723,25.8355418,Below 80,CAP Round I,2025
6625,"Universal College of Engineering & Research, Sasewadi",662524510,Computer Engineering,GOPENH,84949,73.4354379,Below 80,CAP Round I,2025
6625,"Universal College of Engineering & Research, Sasewadi",662529310,Electrical Engineering,GOPENH,197527,7.4355245,Below 80,CAP Round I,2025
6625,"Universal College of Engineering & Research, Sasewadi",662561210,Mechanical Engineering,GOPENH,187966,16.5215865,Below 80,CAP Round I,2025
6628,"Dattakala Group Of Institutions, Swami - Chincholi Tal. Daund Dist. Pune",662819110,Civil Engineering,GOPENH,153365,41.4020979,Below 80,CAP Round I,2025
6628,"Dattakala Group Of Institutions, Swami - Chincholi Tal. Daund Dist. Pune",662824510,Computer Engineering,GOPENH,115506,60.634478,Below 80,CAP Round I,2025
6628,"Dattakala Group Of Institutions, Swami - Chincholi Tal. Daund Dist. Pune",662826310,Artificial Intelligence (AI) and Data Science,GOPENH,122552,57.5410529,Below 80,CAP Round I,2025
6628,"Dattakala Group Of Institutions, Swami - Chincholi Tal. Daund Dist. Pune",662829310,Electrical Engineering,GOPENH,172133,28.9513426,Below 80,CAP Round I,2025
6628,"Dattakala Group Of Institutions, Swami - Chincholi Tal. Daund Dist. Pune",662861210,Mechanical Engineering,GOPENH,167541,32.1650475,Below 80,CAP Round I,2025
6628,"Dattakala Group Of Institutions, Swami - Chincholi Tal. Daund Dist. Pune",662884410,Electronics and Computer Engineering,GOPENH,167211,32.3446384,Below 80,CAP Round I,2025
6632,Navsahyadri Education Society's Group of Institutions,663219110,Civil Engineering,GOPENH,145714,45.9245973,Below 80,CAP Round I,2025
6632,Navsahyadri Education Society's Group of Institutions,663224510,Computer Engineering,GOPENH,97855,68.3753318,Below 80,CAP Round I,2025
6632,Navsahyadri Education Society's Group of Institutions,663229310,Electrical Engineering,GOPENH,132262,53.2228937,Below 80,CAP Round I,2025
6632,Navsahyadri Education Society's Group of Institutions,663237210,Electronics and Telecommunication Engg,GOPENH,106653,64.713186,Below 80,CAP Round I,2025
6632,Navsahyadri Education Society's Group of Institutions,663261210,Mechanical Engineering,GOPENH,136802,50.5909012,Below 80,CAP Round I,2025
6632,Navsahyadri Education Society's Group of Institutions,663292110,Artificial Intelligence and Machine Learning,GOPENH,101116,66.9498069,Below 80,CAP Round I,2025
6632,Navsahyadri Education Society's Group of Institutions,663299510,Artificial Intelligence and Data Science,GOPENH,91570,70.7504568,Below 80,CAP Round I,2025
6634,"KJEI's Trinity Academy of Engineering, Yewalewadi, Pune",663419110,Civil Engineering,GOPENH,145266,45.9816283,Below 80,CAP Round I,2025
6634,"KJEI's Trinity Academy of Engineering, Yewalewadi, Pune",663424510,Computer Engineering,GOPENH,51031,84.7618697,80-89.99,CAP Round I,2025
6634,"KJEI's Trinity Academy of Engineering, Yewalewadi, Pune",663424610,Information Technology,GOPENH,62461,81.0403668,80-89.99,CAP Round I,2025
6634,"KJEI's Trinity Academy of Engineering, Yewalewadi, Pune",663437210,Electronics and Telecommunication Engg,GOPENH,83205,73.6345056,Below 80,CAP Round I,2025
6634,"KJEI's Trinity Academy of Engineering, Yewalewadi, Pune",663461210,Mechanical Engineering,GOPENH,121403,58.2180677,Below 80,CAP Round I,2025
6635,Samarth College of Engineering and Management,663519110,Civil Engineering,GOPENH,137367,50.4913264,Below 80,CAP Round I,2025
6635,Samarth College of Engineering and Management,663524510,Computer Engineering,GOPENH,99818,67.8210479,Below 80,CAP Round I,2025
6635,Samarth College of Engineering and Management,663529310,Electrical Engineering,GOPENH,140735,48.5587427,Below 80,CAP Round I,2025
6635,Samarth College of Engineering and Management,663537210,Electronics and Telecommunication Engg,GOPENH,111646,62.8632493,Below 80,CAP Round I,2025
6635,Samarth College of Engineering and Management,663561210,Mechanical Engineering,GOPENH,142022,47.7841578,Below 80,CAP Round I,2025
6635,Samarth College of Engineering and Management,663591210,Computer Science and Engineering(Data Science),GOPENH,80504,75.1620214,Below 80,CAP Round I,2025
6635,Samarth College of Engineering and Management,663592110,Artificial Intelligence and Machine Learning,GOPENH,84098,73.5570613,Below 80,CAP Round I,2025
6640,"N. B. Navale Sinhgad College of Engineering, Kegaon, solapur",664019110,Civil Engineering,GOPENH,134169,51.7009371,Below 80,CAP Round I,2025
6640,"N. B. Navale Sinhgad College of Engineering, Kegaon, solapur",664024210,Computer Science and Engineering,GOPENH,49018,85.2260888,80-89.99,CAP Round I,2025
6640,"N. B. Navale Sinhgad College of Engineering, Kegaon, solapur",664029310,Electrical Engineering,GOPENH,116791,60.3213757,Below 80,CAP Round I,2025
6640,"N. B. Navale Sinhgad College of Engineering, Kegaon, solapur",664037210,Electronics and Telecommunication Engg,GOPENH,83992,73.6159498,Below 80,CAP Round I,2025
6640,"N. B. Navale Sinhgad College of Engineering, Kegaon, solapur",664061210,Mechanical Engineering,GOPENH,137372,50.4913264,Below 80,CAP Round I,2025
6643,"S K N Sinhgad College of Engineering, Korti Tal. Pandharpur Dist Solapur",664319110,Civil Engineering,GOPENH,103604,65.8992965,Below 80,CAP Round I,2025
6643,"S K N Sinhgad College of Engineering, Korti Tal. Pandharpur Dist Solapur",664324210,Computer Science and Engineering,GOPENH,50620,84.8736599,80-89.99,CAP Round I,2025
6643,"S K N Sinhgad College of Engineering, Korti Tal. Pandharpur Dist Solapur",664326310,Artificial Intelligence (AI) and Data Science,GOPENH,55685,83.2103258,80-89.99,CAP Round I,2025
6643,"S K N Sinhgad College of Engineering, Korti Tal. Pandharpur Dist Solapur",664329310,Electrical Engineering,GOPENH,92622,70.5005064,Below 80,CAP Round I,2025
6643,"S K N Sinhgad College of Engineering, Korti Tal. Pandharpur Dist Solapur",664337210,Electronics and Telecommunication Engg,GOPENH,67180,79.6925092,Below 80,CAP Round I,2025
6643,"S K N Sinhgad College of Engineering, Korti Tal. Pandharpur Dist Solapur",664361210,Mechanical Engineering,GOPENH,106204,64.7148712,Below 80,CAP Round I,2025
6644,"Shri. Ambabai Talim Sanstha's Sanjay Bhokare Group of Institutes, Miraj",664419110,Civil Engineering,GOPENS,152296,42.2674623,Below 80,CAP Round I,2025
6644,"Shri. Ambabai Talim Sanstha's Sanjay Bhokare Group of Institutes, Miraj",664424510,Computer Engineering,GOPENS,143206,47.13962,Below 80,CAP Round I,2025
6644,"Shri. Ambabai Talim Sanstha's Sanjay Bhokare Group of Institutes, Miraj",664429310,Electrical Engineering,GOPENS,177378,25.0722391,Below 80,CAP Round I,2025
6644,"Shri. Ambabai Talim Sanstha's Sanjay Bhokare Group of Institutes, Miraj",664437210,Electronics and Telecommunication Engg,GOPENS,190698,13.9509479,Below 80,CAP Round I,2025
6644,"Shri. Ambabai Talim Sanstha's Sanjay Bhokare Group of Institutes, Miraj",664461210,Mechanical Engineering,GOPENS,171008,29.4125763,Below 80,CAP Round I,2025
6644,"Shri. Ambabai Talim Sanstha's Sanjay Bhokare Group of Institutes, Miraj",664490010,Electronics and Computer Science,GOPENS,171115,29.2375397,Below 80,CAP Round I,2025
6644,"Shri. Ambabai Talim Sanstha's Sanjay Bhokare Group of Institutes, Miraj",664491110,Computer Science and Engineering(Artificial Intelligence and Machine Learning),GOPENS,127255,55.2744499,Below 80,CAP Round I,2025
6649,"TSSM's Bhivarabai Sawant College of Engineering and Research, Narhe, Pune",664919110,Civil Engineering,GOPENH,139786,49.2256217,Below 80,CAP Round I,2025
6649,"TSSM's Bhivarabai Sawant College of Engineering and Research, Narhe, Pune",664924510,Computer Engineering,GOPENH,49773,85.113912,80-89.99,CAP Round I,2025
6649,"TSSM's Bhivarabai Sawant College of Engineering and Research, Narhe, Pune",664929310,Electrical Engineering,GOPENH,102471,66.3795642,Below 80,CAP Round I,2025
6649,"TSSM's Bhivarabai Sawant College of Engineering and Research, Narhe, Pune",664937210,Electronics and Telecommunication Engg,GOPENH,66252,79.7946282,Below 80,CAP Round I,2025
6649,"TSSM's Bhivarabai Sawant College of Engineering and Research, Narhe, Pune",664961210,Mechanical Engineering,GOPENH,131852,53.2657343,Below 80,CAP Round I,2025
6714,"APPASAHEB ALIAS SA.RE.PATIL INSTITUTE OF TECHNOLOGY, Dattanagar Tal-Shirol, Dist Kolhapur",671424210,Computer Science and Engineering,GOPENH,149168,43.658874,Below 80,CAP Round I,2025
6714,"APPASAHEB ALIAS SA.RE.PATIL INSTITUTE OF TECHNOLOGY, Dattanagar Tal-Shirol, Dist Kolhapur",671429310,Electrical Engineering,GOPENH,199665,5.1955268,Below 80,CAP Round I,2025
6714,"APPASAHEB ALIAS SA.RE.PATIL INSTITUTE OF TECHNOLOGY, Dattanagar Tal-Shirol, Dist Kolhapur",671437210,Electronics and Telecommunication Engg,GOPENH,171184,29.2375397,Below 80,CAP Round I,2025
6714,"APPASAHEB ALIAS SA.RE.PATIL INSTITUTE OF TECHNOLOGY, Dattanagar Tal-Shirol, Dist Kolhapur",671461210,Mechanical Engineering,GOPENH,192032,12.9554081,Below 80,CAP Round I,2025
6715,Babasaheb Phadtare Engineering & Technology Kalamb-Walchandnagar Tal Indapur Dist Pune,671524510,Computer Engineering,GOPENH,159403,37.6293706,Below 80,CAP Round I,2025
6715,Babasaheb Phadtare Engineering & Technology Kalamb-Walchandnagar Tal Indapur Dist Pune,671529310,Electrical Engineering,GOPENH,193773,11.1328671,Below 80,CAP Round I,2025
6715,Babasaheb Phadtare Engineering & Technology Kalamb-Walchandnagar Tal Indapur Dist Pune,671561210,Mechanical Engineering,GOPENH,198233,6.6801689,Below 80,CAP Round I,2025
6732,"Ajeenkya DY Patil School of Engineering, Lohegaon, Pune",673219110,Civil Engineering,GOPENH,96559,68.9620341,Below 80,CAP Round I,2025
6732,"Ajeenkya DY Patil School of Engineering, Lohegaon, Pune",673224510,Computer Engineering,GOPENH,26633,92.2398466,90-94.99,CAP Round I,2025
6732,"Ajeenkya DY Patil School of Engineering, Lohegaon, Pune",673237210,Electronics and Telecommunication Engg,GOPENH,48540,85.5207245,80-89.99,CAP Round I,2025
6732,"Ajeenkya DY Patil School of Engineering, Lohegaon, Pune",673261210,Mechanical Engineering,GOPENH,86983,72.3760958,Below 80,CAP Round I,2025
6732,"Ajeenkya DY Patil School of Engineering, Lohegaon, Pune",673299510,Artificial Intelligence and Data Science,GOPENH,32302,90.5015276,90-94.99,CAP Round I,2025
6754,"International Institute of Information Technology (I²IT), Pune.",675424610,Information Technology,GOPENS,13479,96.1512986,95-98.99,CAP Round I,2025
6754,"International Institute of Information Technology (I²IT), Pune.",675437210,Electronics and Telecommunication Engg,GOPENS,15460,95.5725809,95-98.99,CAP Round I,2025
6755,"JSPM Narhe Technical Campus, Pune.",675519110,Civil Engineering,GOPENH,113700,61.6834321,Below 80,CAP Round I,2025
6755,"JSPM Narhe Technical Campus, Pune.",675524510,Computer Engineering,GOPENH,27808,91.8508049,90-94.99,CAP Round I,2025
6755,"JSPM Narhe Technical Campus, Pune.",675526310,Artificial Intelligence (AI) and Data Science,GOPENH,30958,90.8847092,90-94.99,CAP Round I,2025
6755,"JSPM Narhe Technical Campus, Pune.",675537210,Electronics and Telecommunication Engg,GOPENH,44618,86.6827486,80-89.99,CAP Round I,2025
6755,"JSPM Narhe Technical Campus, Pune.",675561210,Mechanical Engineering,GOPENH,96550,68.9620341,Below 80,CAP Round I,2025
6756,"Fabtech Technical Campus College of Engineering and Research, Sangola",675619110,Civil Engineering,GOPENS,149269,43.658874,Below 80,CAP Round I,2025
6756,"Fabtech Technical Campus College of Engineering and Research, Sangola",675624210,Computer Science and Engineering,GOPENS,108556,63.6512871,Below 80,CAP Round I,2025
6756,"Fabtech Technical Campus College of Engineering and Research, Sangola",675629310,Electrical Engineering,GOPENS,140546,48.5587427,Below 80,CAP Round I,2025
6756,"Fabtech Technical Campus College of Engineering and Research, Sangola",675637210,Electronics and Telecommunication Engg,GOPENS,136496,50.7016833,Below 80,CAP Round I,2025
6756,"Fabtech Technical Campus College of Engineering and Research, Sangola",675661210,Mechanical Engineering,GOPENS,157807,39.230205,Below 80,CAP Round I,2025
6756,"Fabtech Technical Campus College of Engineering and Research, Sangola",675699510,Artificial Intelligence and Data Science,GOPENS,112988,62.0615406,Below 80,CAP Round I,2025
6757,"Yashoda Technical Campus, Wadhe, Satara.",675719110,Civil Engineering,GOPENH,136086,50.8281802,Below 80,CAP Round I,2025
6757,"Yashoda Technical Campus, Wadhe, Satara.",675724210,Computer Science and Engineering,GOPENH,122009,57.6249683,Below 80,CAP Round I,2025
6757,"Yashoda Technical Campus, Wadhe, Satara.",675726010,Computer Science and Engineering (Cyber Security),GOPENH,149038,43.658874,Below 80,CAP Round I,2025
6757,"Yashoda Technical Campus, Wadhe, Satara.",675726310,Artificial Intelligence (AI) and Data Science,GOPENH,116696,60.422115,Below 80,CAP Round I,2025
6757,"Yashoda Technical Campus, Wadhe, Satara.",675726610,Robotics and Artificial Intelligence,GOPENH,146320,45.8266058,Below 80,CAP Round I,2025
6757,"Yashoda Technical Campus, Wadhe, Satara.",675729310,Electrical Engineering,GOPENH,149883,43.4652257,Below 80,CAP Round I,2025
6757,"Yashoda Technical Campus, Wadhe, Satara.",675737210,Electronics and Telecommunication Engg,GOPENH,149345,43.5338318,Below 80,CAP Round I,2025
6757,"Yashoda Technical Campus, Wadhe, Satara.",675761210,Mechanical Engineering,GOPENH,130426,53.7591782,Below 80,CAP Round I,2025
6757,"Yashoda Technical Campus, Wadhe, Satara.",675762410,Mechatronics Engineering,GOPENH,173313,28.3463753,Below 80,CAP Round I,2025
6758,"Sahyadri Valley College of Engineering & Technology, Rajuri, Pune.",675819110,Civil Engineering,GOPENH,202740,1.4760019,Below 80,CAP Round I,2025
6758,"Sahyadri Valley College of Engineering & Technology, Rajuri, Pune.",675824510,Computer Engineering,GOPENH,87633,72.102802,Below 80,CAP Round I,2025
6758,"Sahyadri Valley College of Engineering & Technology, Rajuri, Pune.",675837210,Electronics and Telecommunication Engg,GOPENH,108062,63.8244514,Below 80,CAP Round I,2025
6758,"Sahyadri Valley College of Engineering & Technology, Rajuri, Pune.",675861210,Mechanical Engineering,GOPENH,166768,32.4837011,Below 80,CAP Round I,2025
6758,"Sahyadri Valley College of Engineering & Technology, Rajuri, Pune.",675892110,Artificial Intelligence and Machine Learning,GOPENH,95964,69.0979021,Below 80,CAP Round I,2025
6758,"Sahyadri Valley College of Engineering & Technology, Rajuri, Pune.",675899510,Artificial Intelligence and Data Science,GOPENH,102061,66.3866132,Below 80,CAP Round I,2025
6759,"Shree Ramchandra College of Engineering, Lonikand,Pune",675919110,Civil Engineering,GOPENH,123034,57.4376852,Below 80,CAP Round I,2025
6759,"Shree Ramchandra College of Engineering, Lonikand,Pune",675924510,Computer Engineering,GOPENH,69544,78.6137148,Below 80,CAP Round I,2025
6759,"Shree Ramchandra College of Engineering, Lonikand,Pune",675929310,Electrical Engineering,GOPENH,120302,58.6907687,Below 80,CAP Round I,2025
6759,"Shree Ramchandra College of Engineering, Lonikand,Pune",675961210,Mechanical Engineering,GOPENH,138829,49.4020979,Below 80,CAP Round I,2025
6759,"Shree Ramchandra College of Engineering, Lonikand,Pune",675999510,Artificial Intelligence and Data Science,GOPENH,68748,78.8357161,Below 80,CAP Round I,2025
6762,"Nanasaheb Mahadik College of Engineering,Walwa, Sangli.",676219110,Civil Engineering,GOPENH,156609,39.3601986,Below 80,CAP Round I,2025
6762,"Nanasaheb Mahadik College of Engineering,Walwa, Sangli.",676224210,Computer Science and Engineering,GOPENH,132913,52.5968356,Below 80,CAP Round I,2025
6762,"Nanasaheb Mahadik College of Engineering,Walwa, Sangli.",676229310,Electrical Engineering,GOPENH,122084,57.6249683,Below 80,CAP Round I,2025
6762,"Nanasaheb Mahadik College of Engineering,Walwa, Sangli.",676237210,Electronics and Telecommunication Engg,GOPENH,151060,42.9247346,Below 80,CAP Round I,2025
6762,"Nanasaheb Mahadik College of Engineering,Walwa, Sangli.",676261210,Mechanical Engineering,GOPENH,146354,45.8266058,Below 80,CAP Round I,2025
6766,Phaltan Education Society's College of Engineering Thakurki Tal- Phaltan Dist-Satara,676619110,Civil Engineering,GOPENH,197280,7.8234926,Below 80,CAP Round I,2025
6766,Phaltan Education Society's College of Engineering Thakurki Tal- Phaltan Dist-Satara,676624510,Computer Engineering,GOPENH,134739,51.57164,Below 80,CAP Round I,2025
6766,Phaltan Education Society's College of Engineering Thakurki Tal- Phaltan Dist-Satara,676626310,Artificial Intelligence (AI) and Data Science,GOPENH,107398,64.3453843,Below 80,CAP Round I,2025
6766,Phaltan Education Society's College of Engineering Thakurki Tal- Phaltan Dist-Satara,676637210,Electronics and Telecommunication Engg,GOPENH,166141,32.5553935,Below 80,CAP Round I,2025
6766,Phaltan Education Society's College of Engineering Thakurki Tal- Phaltan Dist-Satara,676661210,Mechanical Engineering,GOPENH,193401,11.5879038,Below 80,CAP Round I,2025
6767,"Suman Ramesh Tulsiani Technical Campus: Faculty of Engineering, Kamshet,Pune.",676719110,Civil Engineering,GOPENH,181151,22.1118881,Below 80,CAP Round I,2025
6767,"Suman Ramesh Tulsiani Technical Campus: Faculty of Engineering, Kamshet,Pune.",676724510,Computer Engineering,GOPENH,113866,61.5619516,Below 80,CAP Round I,2025
6767,"Suman Ramesh Tulsiani Technical Campus: Faculty of Engineering, Kamshet,Pune.",676724610,Information Technology,GOPENH,141980,47.7841578,Below 80,CAP Round I,2025
6767,"Suman Ramesh Tulsiani Technical Campus: Faculty of Engineering, Kamshet,Pune.",676761210,Mechanical Engineering,GOPENH,177986,24.8659004,Below 80,CAP Round I,2025
6767,"Suman Ramesh Tulsiani Technical Campus: Faculty of Engineering, Kamshet,Pune.",676791210,Computer Science and Engineering(Data Science),GOPENH,120592,58.6907687,Below 80,CAP Round I,2025
6767,"Suman Ramesh Tulsiani Technical Campus: Faculty of Engineering, Kamshet,Pune.",676799510,Artificial Intelligence and Data Science,GOPENH,116066,60.4378874,Below 80,CAP Round I,2025
6768,"P.K. Technical Campus, Pune.",676824510,Computer Engineering,GOPENH,72505,77.9513058,Below 80,CAP Round I,2025
6768,"P.K. Technical Campus, Pune.",676861210,Mechanical Engineering,GOPENH,162425,35.9295868,Below 80,CAP Round I,2025
6769,"Rasiklal M. Dhariwal Sinhgad Technical Institutes Campus, Warje, Pune.",676919110,Civil Engineering,GOPENH,158078,38.7925588,Below 80,CAP Round I,2025
6769,"Rasiklal M. Dhariwal Sinhgad Technical Institutes Campus, Warje, Pune.",676924510,Computer Engineering,GOPENH,41183,87.7787039,80-89.99,CAP Round I,2025
6769,"Rasiklal M. Dhariwal Sinhgad Technical Institutes Campus, Warje, Pune.",676924610,Information Technology,GOPENH,46095,86.2351996,80-89.99,CAP Round I,2025
6769,"Rasiklal M. Dhariwal Sinhgad Technical Institutes Campus, Warje, Pune.",676937210,Electronics and Telecommunication Engg,GOPENH,65329,79.98947,Below 80,CAP Round I,2025
6769,"Rasiklal M. Dhariwal Sinhgad Technical Institutes Campus, Warje, Pune.",676961210,Mechanical Engineering,GOPENH,143654,47.0502678,Below 80,CAP Round I,2025
6770,"SKN Sinhgad Institute of Technology & Science, Kusgaon(BK),Pune.",677024510,Computer Engineering,GOPENH,60521,81.6453226,80-89.99,CAP Round I,2025
6770,"SKN Sinhgad Institute of Technology & Science, Kusgaon(BK),Pune.",677024610,Information Technology,GOPENH,66527,79.7185003,Below 80,CAP Round I,2025
6770,"SKN Sinhgad Institute of Technology & Science, Kusgaon(BK),Pune.",677061210,Mechanical Engineering,GOPENH,125466,56.2929777,Below 80,CAP Round I,2025
6771,"Flora Institute of Technology, Khopi, Near Khed Shivapur Toll Plaza, Pune",677119110,Civil Engineering,GOPENH,196250,8.8248475,Below 80,CAP Round I,2025
6771,"Flora Institute of Technology, Khopi, Near Khed Shivapur Toll Plaza, Pune",677124510,Computer Engineering,GOPENH,108922,63.5767823,Below 80,CAP Round I,2025
6771,"Flora Institute of Technology, Khopi, Near Khed Shivapur Toll Plaza, Pune",677161210,Mechanical Engineering,GOPENH,198544,6.3882064,Below 80,CAP Round I,2025
6772,"NBN Sinhgad Technical Institutes Campus, Pune",677224510,Computer Engineering,GOPENH,32775,90.4110066,90-94.99,CAP Round I,2025
6772,"NBN Sinhgad Technical Institutes Campus, Pune",677224610,Information Technology,GOPENH,35521,89.5355262,80-89.99,CAP Round I,2025
6772,"NBN Sinhgad Technical Institutes Campus, Pune",677229310,Electrical Engineering,GOPENH,85199,73.2612864,Below 80,CAP Round I,2025
6772,"NBN Sinhgad Technical Institutes Campus, Pune",677237210,Electronics and Telecommunication Engg,GOPENH,56797,82.8437868,80-89.99,CAP Round I,2025
6772,"NBN Sinhgad Technical Institutes Campus, Pune",677261210,Mechanical Engineering,GOPENH,128410,54.5872518,Below 80,CAP Round I,2025
6780,"D.Y.Patil Education Society's,D.Y.Patil Technical Campus, Faculty of Engineering & Faculty of Management,Talsande,Kolhapur.",678019110,Civil Engineering,GOPENS,103695,65.8992965,Below 80,CAP Round I,2025
6780,"D.Y.Patil Education Society's,D.Y.Patil Technical Campus, Faculty of Engineering & Faculty of Management,Talsande,Kolhapur.",678024210,Computer Science and Engineering,GOPENS,78327,75.4880541,Below 80,CAP Round I,2025
6780,"D.Y.Patil Education Society's,D.Y.Patil Technical Campus, Faculty of Engineering & Faculty of Management,Talsande,Kolhapur.",678029310,Electrical Engineering,GOPENS,97273,68.4887011,Below 80,CAP Round I,2025
6780,"D.Y.Patil Education Society's,D.Y.Patil Technical Campus, Faculty of Engineering & Faculty of Management,Talsande,Kolhapur.",678061210,Mechanical Engineering,GOPENS,91919,70.6189283,Below 80,CAP Round I,2025
6780,"D.Y.Patil Education Society's,D.Y.Patil Technical Campus, Faculty of Engineering & Faculty of Management,Talsande,Kolhapur.",678091210,Computer Science and Engineering(Data Science),GOPENS,76529,76.5279741,Below 80,CAP Round I,2025
6781,"Bhagwant Institute of Technology, Barshi",678119110,Civil Engineering,GOPENH,172254,28.9513426,Below 80,CAP Round I,2025
6781,"Bhagwant Institute of Technology, Barshi",678124210,Computer Science and Engineering,GOPENH,164438,34.896751,Below 80,CAP Round I,2025
6781,"Bhagwant Institute of Technology, Barshi",678137210,Electronics and Telecommunication Engg,GOPENH,182300,21.5882968,Below 80,CAP Round I,2025
6781,"Bhagwant Institute of Technology, Barshi",678161210,Mechanical Engineering,GOPENH,193622,11.1969965,Below 80,CAP Round I,2025
6782,"Sahakar Maharshee Shankarrao Mohite Patil Institute of Technology & Research, Akluj",678219110,Civil Engineering,GOPENH,178443,24.7167509,Below 80,CAP Round I,2025
6782,"Sahakar Maharshee Shankarrao Mohite Patil Institute of Technology & Research, Akluj",678224210,Computer Science and Engineering,GOPENH,117463,60.2517483,Below 80,CAP Round I,2025
6782,"Sahakar Maharshee Shankarrao Mohite Patil Institute of Technology & Research, Akluj",678229310,Electrical Engineering,GOPENH,203018,1.0894199,Below 80,CAP Round I,2025
6782,"Sahakar Maharshee Shankarrao Mohite Patil Institute of Technology & Research, Akluj",678237210,Electronics and Telecommunication Engg,GOPENH,157920,39.230205,Below 80,CAP Round I,2025
6782,"Sahakar Maharshee Shankarrao Mohite Patil Institute of Technology & Research, Akluj",678261210,Mechanical Engineering,GOPENH,201784,2.6996938,Below 80,CAP Round I,2025
6782,"Sahakar Maharshee Shankarrao Mohite Patil Institute of Technology & Research, Akluj",678299510,Artificial Intelligence and Data Science,GOPENH,124774,56.6213771,Below 80,CAP Round I,2025
6794,"Anantrao Pawar College of Engineering & Research, Pune",679419110,Civil Engineering,GOPENH,143189,47.13962,Below 80,CAP Round I,2025
6794,"Anantrao Pawar College of Engineering & Research, Pune",679424510,Computer Engineering,GOPENH,42744,87.3196408,80-89.99,CAP Round I,2025
6794,"Anantrao Pawar College of Engineering & Research, Pune",679424610,Information Technology,GOPENH,56224,83.0707711,80-89.99,CAP Round I,2025
6794,"Anantrao Pawar College of Engineering & Research, Pune",679437210,Electronics and Telecommunication Engg,GOPENH,68643,78.8357161,Below 80,CAP Round I,2025
6794,"Anantrao Pawar College of Engineering & Research, Pune",679437810,Electronics Engineering ( VLSI Design and Technology),GOPENH,110009,63.3986014,Below 80,CAP Round I,2025
6794,"Anantrao Pawar College of Engineering & Research, Pune",679461210,Mechanical Engineering,GOPENH,107185,64.3453843,Below 80,CAP Round I,2025
6794,"Anantrao Pawar College of Engineering & Research, Pune",679492810,Electronics and Communication(Advanced Communication Technology),GOPENH,96544,68.9620341,Below 80,CAP Round I,2025
6794,"Anantrao Pawar College of Engineering & Research, Pune",679499510,Artificial Intelligence and Data Science,GOPENH,45447,86.5435447,80-89.99,CAP Round I,2025
6795,"Shri.Someshwar Shikshan Prasarak Mandal, Sharadchandra Pawar College of Engineering & Technology, Someshwar Nagar",679519110,Civil Engineering,GOPENH,134221,51.7009371,Below 80,CAP Round I,2025
6795,"Shri.Someshwar Shikshan Prasarak Mandal, Sharadchandra Pawar College of Engineering & Technology, Someshwar Nagar",679524510,Computer Engineering,GOPENH,115230,60.8775137,Below 80,CAP Round I,2025
6795,"Shri.Someshwar Shikshan Prasarak Mandal, Sharadchandra Pawar College of Engineering & Technology, Someshwar Nagar",679529310,Electrical Engineering,GOPENH,149157,43.658874,Below 80,CAP Round I,2025
6795,"Shri.Someshwar Shikshan Prasarak Mandal, Sharadchandra Pawar College of Engineering & Technology, Someshwar Nagar",679561210,Mechanical Engineering,GOPENH,151072,42.9247346,Below 80,CAP Round I,2025
6796,"Bharati Vidyapeeth's College of Engineering,Lavale, Pune",679619110,Civil Engineering,GOPENH,81216,74.6802716,Below 80,CAP Round I,2025
6796,"Bharati Vidyapeeth's College of Engineering,Lavale, Pune",679637210,Electronics and Telecommunication Engg,GOPENH,31023,90.8847092,90-94.99,CAP Round I,2025
6796,"Bharati Vidyapeeth's College of Engineering,Lavale, Pune",679661210,Mechanical Engineering,GOPENH,51619,84.5176078,80-89.99,CAP Round I,2025
6797,"Dnyanshree Institute Engineering and Technology, Satara",679724210,Computer Science and Engineering,GOPENH,107003,64.3871019,Below 80,CAP Round I,2025
6797,"Dnyanshree Institute Engineering and Technology, Satara",679725910,Mechanical and Mechatronics Engineering (Additive Manufacturing),GOPENH,148813,43.74434,Below 80,CAP Round I,2025
6797,"Dnyanshree Institute Engineering and Technology, Satara",679737210,Electronics and Telecommunication Engg,GOPENH,122730,57.5410529,Below 80,CAP Round I,2025
6797,"Dnyanshree Institute Engineering and Technology, Satara",679792210,Civil and Environmental Engineering,GOPENH,169722,31.5596589,Below 80,CAP Round I,2025
6797,"Dnyanshree Institute Engineering and Technology, Satara",679792610,Electrical and Computer Engineering,GOPENH,164942,33.465035,Below 80,CAP Round I,2025
6799,"Shivganga Charitable Trust, Sangli Vishveshwarya Technical Campus, Faculty of Diploma Engineering, Patgaon, Miraj",679924210,Computer Science and Engineering,GOPENH,197580,7.4355245,Below 80,CAP Round I,2025
6799,"Shivganga Charitable Trust, Sangli Vishveshwarya Technical Campus, Faculty of Diploma Engineering, Patgaon, Miraj",679924510,Computer Engineering,GOPENH,186392,17.8544822,Below 80,CAP Round I,2025
6799,"Shivganga Charitable Trust, Sangli Vishveshwarya Technical Campus, Faculty of Diploma Engineering, Patgaon, Miraj",679929310,Electrical Engineering,GOPENH,186174,18.1456181,Below 80,CAP Round I,2025
6803,"Sant Gajanan Maharaj College of Engineering, Gadhinglaj",680319110,Civil Engineering,GOPENH,173291,28.3463753,Below 80,CAP Round I,2025
6803,"Sant Gajanan Maharaj College of Engineering, Gadhinglaj",680324210,Computer Science and Engineering,GOPENH,71985,78.010417,Below 80,CAP Round I,2025
6803,"Sant Gajanan Maharaj College of Engineering, Gadhinglaj",680329310,Electrical Engineering,GOPENH,140559,48.5587427,Below 80,CAP Round I,2025
6803,"Sant Gajanan Maharaj College of Engineering, Gadhinglaj",680337210,Electronics and Telecommunication Engg,GOPENH,96691,68.8687467,Below 80,CAP Round I,2025
6803,"Sant Gajanan Maharaj College of Engineering, Gadhinglaj",680337910,ELECTRONICS AND COMMUNICATION ENGINEERING (BIO-MEDICAL ENGINEERING),GOPENH,166012,32.5553935,Below 80,CAP Round I,2025
6803,"Sant Gajanan Maharaj College of Engineering, Gadhinglaj",680361210,Mechanical Engineering,GOPENH,130768,53.6771201,Below 80,CAP Round I,2025
6803,"Sant Gajanan Maharaj College of Engineering, Gadhinglaj",680391110,Computer Science and Engineering(Artificial Intelligence and Machine Learning),GOPENH,65056,80.0,80-89.99,CAP Round I,2025
6808,"Keystone School of Engineering, Pune",680824510,Computer Engineering,GOPENH,69630,78.6137148,Below 80,CAP Round I,2025
6808,"Keystone School of Engineering, Pune",680826310,Artificial Intelligence (AI) and Data Science,GOPENH,73608,77.161886,Below 80,CAP Round I,2025
6808,"Keystone School of Engineering, Pune",680837210,Electronics and Telecommunication Engg,GOPENH,81277,74.6802716,Below 80,CAP Round I,2025
6808,"Keystone School of Engineering, Pune",680861210,Mechanical Engineering,GOPENH,117075,60.3213757,Below 80,CAP Round I,2025
6811,Sanjay Ghodawat Institute,681119110,Civil Engineering,GOPENH,144485,46.6242967,Below 80,CAP Round I,2025
6811,Sanjay Ghodawat Institute,681124210,Computer Science and Engineering,GOPENH,66210,79.8919296,Below 80,CAP Round I,2025
6811,Sanjay Ghodawat Institute,681129310,Electrical Engineering,GOPENH,127806,55.1895416,Below 80,CAP Round I,2025
6811,Sanjay Ghodawat Institute,681137210,Electronics and Telecommunication Engg,GOPENH,99256,68.1117918,Below 80,CAP Round I,2025
6811,Sanjay Ghodawat Institute,681161210,Mechanical Engineering,GOPENH,126311,55.6405756,Below 80,CAP Round I,2025
6815,"Vidya Prasarini Sabha's College of Engineering & Technology, Lonavala",681519110,Civil Engineering,GOPENH,185609,18.6473767,Below 80,CAP Round I,2025
6815,"Vidya Prasarini Sabha's College of Engineering & Technology, Lonavala",681524510,Computer Engineering,GOPENH,59416,82.1124479,80-89.99,CAP Round I,2025
6815,"Vidya Prasarini Sabha's College of Engineering & Technology, Lonavala",681561210,Mechanical Engineering,GOPENH,186522,17.8544822,Below 80,CAP Round I,2025
6822,"Pimpri Chinchwad Education Trust's Pimpri Chinchwad College Of Engineering And Research, Ravet",682219110,Civil Engineering,GOPENS,32188,90.588192,90-94.99,CAP Round I,2025
6822,"Pimpri Chinchwad Education Trust's Pimpri Chinchwad College Of Engineering And Research, Ravet",682224610,Information Technology,GOPENS,11024,96.8361464,95-98.99,CAP Round I,2025
6822,"Pimpri Chinchwad Education Trust's Pimpri Chinchwad College Of Engineering And Research, Ravet",682237210,Electronics and Telecommunication Engg,GOPENS,11379,96.7527319,95-98.99,CAP Round I,2025
6822,"Pimpri Chinchwad Education Trust's Pimpri Chinchwad College Of Engineering And Research, Ravet",682261210,Mechanical Engineering,GOPENS,17550,94.9191128,90-94.99,CAP Round I,2025
6834,"Dr.D.Y.Patil College Of Engineering & Innovation,Talegaon",683424510,Computer Engineering,GOPENS,40883,87.9272878,80-89.99,CAP Round I,2025
6834,"Dr.D.Y.Patil College Of Engineering & Innovation,Talegaon",683426310,Artificial Intelligence (AI) and Data Science,GOPENS,35820,89.4898417,80-89.99,CAP Round I,2025
6834,"Dr.D.Y.Patil College Of Engineering & Innovation,Talegaon",683492110,Artificial Intelligence and Machine Learning,GOPENS,45669,86.4120225,80-89.99,CAP Round I,2025
6839,"Dr. D Y Patil Pratishthan's College of Engineering, Kolhapur",683919110,Civil Engineering,GOPENH,114457,61.1295449,Below 80,CAP Round I,2025
6839,"Dr. D Y Patil Pratishthan's College of Engineering, Kolhapur",683924210,Computer Science and Engineering,GOPENH,74083,77.0149774,Below 80,CAP Round I,2025
6839,"Dr. D Y Patil Pratishthan's College of Engineering, Kolhapur",683929310,Electrical Engineering,GOPENH,86354,72.7429418,Below 80,CAP Round I,2025
6839,"Dr. D Y Patil Pratishthan's College of Engineering, Kolhapur",683991210,Computer Science and Engineering(Data Science),GOPENH,79521,75.210728,Below 80,CAP Round I,2025
6878,"Dr. A. D. Shinde College Of Engineering, Tal.Gadhinglaj, Kolhapur",687819110,Civil Engineering,GOPENH,191580,13.2717448,Below 80,CAP Round I,2025
6878,"Dr. A. D. Shinde College Of Engineering, Tal.Gadhinglaj, Kolhapur",0687819190L,Civil Engineering,GOPENH,147607,44.2599775,Below 80,CAP Round I,2025
6878,"Dr. A. D. Shinde College Of Engineering, Tal.Gadhinglaj, Kolhapur",687824210,Computer Science and Engineering,GOPENH,123702,57.0133407,Below 80,CAP Round I,2025
6878,"Dr. A. D. Shinde College Of Engineering, Tal.Gadhinglaj, Kolhapur",687825910,Mechanical and Mechatronics Engineering (Additive Manufacturing),GOPENH,198235,6.6801689,Below 80,CAP Round I,2025
6878,"Dr. A. D. Shinde College Of Engineering, Tal.Gadhinglaj, Kolhapur",687890010,Electronics and Computer Science,GOPENH,201571,3.0019522,Below 80,CAP Round I,2025
6878,"Dr. A. D. Shinde College Of Engineering, Tal.Gadhinglaj, Kolhapur",687891110,Computer Science and Engineering(Artificial Intelligence and Machine Learning),GOPENH,89647,71.5562808,Below 80,CAP Round I,2025
6878,"Dr. A. D. Shinde College Of Engineering, Tal.Gadhinglaj, Kolhapur",687892610,Electrical and Computer Engineering,GOPENH,200726,3.9396716,Below 80,CAP Round I,2025
6901,"MAEER's MIT College of Railway Engineering and Research, Jamgaon, Barshi",690119110,Civil Engineering,GOPENH,190223,14.3147873,Below 80,CAP Round I,2025
6901,"MAEER's MIT College of Railway Engineering and Research, Jamgaon, Barshi",690124210,Computer Science and Engineering,GOPENH,125140,56.5039753,Below 80,CAP Round I,2025
6901,"MAEER's MIT College of Railway Engineering and Research, Jamgaon, Barshi",690137210,Electronics and Telecommunication Engg,GOPENH,183089,20.6428039,Below 80,CAP Round I,2025
6901,"MAEER's MIT College of Railway Engineering and Research, Jamgaon, Barshi",690158510,MECHANICAL AND RAIL ENGINEERING,GOPENH,179611,22.9939635,Below 80,CAP Round I,2025
6901,"MAEER's MIT College of Railway Engineering and Research, Jamgaon, Barshi",690184410,Electronics and Computer Engineering,GOPENH,181120,22.1118881,Below 80,CAP Round I,2025
6991,"Dr. D.Y. Patil Technical Campus, Varale, Talegaon, Pune",699124510,Computer Engineering,GOPENH,58035,82.3938224,80-89.99,CAP Round I,2025
6991,"Dr. D.Y. Patil Technical Campus, Varale, Talegaon, Pune",699156610,Computer Science,GOPENH,56413,82.9717485,80-89.99,CAP Round I,2025
6991,"Dr. D.Y. Patil Technical Campus, Varale, Talegaon, Pune",699184410,Electronics and Computer Engineering,GOPENH,84540,73.4722277,Below 80,CAP Round I,2025
6991,"Dr. D.Y. Patil Technical Campus, Varale, Talegaon, Pune",699199510,Artificial Intelligence and Data Science,GOPENH,56132,83.0707711,80-89.99,CAP Round I,2025
14005,"Laxminarayan Innovation Technological University, Nagpur",1400550110,Plastic and Polymer Engineering,GOPENS,39158,88.4967904,80-89.99,CAP Round I,2025
14005,"Laxminarayan Innovation Technological University, Nagpur",1400550310,Food Technology,GOPENS,3186,99.0889603,99+,CAP Round I,2025
14005,"Laxminarayan Innovation Technological University, Nagpur",1400550710,Chemical Engineering,GOPENS,10961,96.8396626,95-98.99,CAP Round I,2025
14005,"Laxminarayan Innovation Technological University, Nagpur",1400552410,Paper and Pulp Technology,GOPENS,50044,85.0571556,80-89.99,CAP Round I,2025
14005,"Laxminarayan Innovation Technological University, Nagpur",1400552710,Petro Chemical Engineering,GOPENS,22099,93.5806832,90-94.99,CAP Round I,2025
14005,"Laxminarayan Innovation Technological University, Nagpur",1400552910,Oil Technology,GOPENS,37054,89.0680212,80-89.99,CAP Round I,2025
14005,"Laxminarayan Innovation Technological University, Nagpur",1400572910,Surface Coating Technology,GOPENS,33029,90.3035355,90-94.99,CAP Round I,2025
16006,COEP Technological University,1600619110,Civil Engineering,GOPENS,4694,98.6211176,95-98.99,CAP Round I,2025
16006,COEP Technological University,1600629310,Electrical Engineering,GOPENS,1481,99.5084539,99+,CAP Round I,2025
16006,COEP Technological University,1600637210,Electronics and Telecommunication Engg,GOPENS,736,99.7297297,99+,CAP Round I,2025
16006,COEP Technological University,1600646410,Instrumentation and Control Engineering,GOPENS,1814,99.414838,99+,CAP Round I,2025
16006,COEP Technological University,1600661210,Mechanical Engineering,GOPENS,1756,99.4352449,99+,CAP Round I,2025
16006,COEP Technological University,1600662710,Manufacturing Science and Engineering,GOPENS,3105,99.0556065,99+,CAP Round I,2025
16006,COEP Technological University,1600669410,Metallurgy and Material Technology,GOPENS,5522,98.40563,95-98.99,CAP Round I,2025
16006,COEP Technological University,1600692110,Artificial Intelligence and Machine Learning,GOPENS,352,99.8616482,99+,CAP Round I,2025
16121,"Shri. Anandrao Abitkar College of Engineering, Pal",1612119110,Civil Engineering,GOPENH,156068,39.6653303,Below 80,CAP Round I,2025
16121,"Shri. Anandrao Abitkar College of Engineering, Pal",1612124510,Computer Engineering,GOPENH,117937,59.9607019,Below 80,CAP Round I,2025
16121,"Shri. Anandrao Abitkar College of Engineering, Pal",1612126310,Artificial Intelligence (AI) and Data Science,GOPENH,110233,63.2914656,Below 80,CAP Round I,2025
16121,"Shri. Anandrao Abitkar College of Engineering, Pal",1612129310,Electrical Engineering,GOPENH,152380,42.2674623,Below 80,CAP Round I,2025
16121,"Shri. Anandrao Abitkar College of Engineering, Pal",1612161210,Mechanical Engineering,GOPENH,186088,18.4184219,Below 80,CAP Round I,2025
16351,"Vidya Niketan Institute of Engineering & Technology, Lakhewadi",1635119110,Civil Engineering,GOPENH,197204,7.8234926,Below 80,CAP Round I,2025
16351,"Vidya Niketan Institute of Engineering & Technology, Lakhewadi",1635124210,Computer Science and Engineering,GOPENH,121417,58.2180677,Below 80,CAP Round I,2025
16351,"Vidya Niketan Institute of Engineering & Technology, Lakhewadi",1635137210,Electronics and Telecommunication Engg,GOPENH,188332,16.1743072,Below 80,CAP Round I,2025
16351,"Vidya Niketan Institute of Engineering & Technology, Lakhewadi",1635192110,Artificial Intelligence and Machine Learning,GOPENH,172762,28.6767287,Below 80,CAP Round I,2025
16352,"Yashoda Mahadeo Kakade College of Engineering, Talegaon",1635224210,Computer Science and Engineering,GOPENH,119032,59.1762367,Below 80,CAP Round I,2025
16352,"Yashoda Mahadeo Kakade College of Engineering, Talegaon",1635224610,Information Technology,GOPENH,127676,55.1895416,Below 80,CAP Round I,2025
16352,"Yashoda Mahadeo Kakade College of Engineering, Talegaon",1635237210,Electronics and Telecommunication Engg,GOPENH,142760,47.1398578,Below 80,CAP Round I,2025
16352,"Yashoda Mahadeo Kakade College of Engineering, Talegaon",1635299510,Artificial Intelligence and Data Science,GOPENH,118972,59.1762367,Below 80,CAP Round I,2025
16354,DNYANVILAS COLLEGE OF ENGINEERING,1635424510,Computer Engineering,GOPENH,140472,49.1540892,Below 80,CAP Round I,2025
16354,DNYANVILAS COLLEGE OF ENGINEERING,1635424610,Information Technology,GOPENH,188502,15.9545455,Below 80,CAP Round I,2025
16354,DNYANVILAS COLLEGE OF ENGINEERING,1635437210,Electronics and Telecommunication Engg,GOPENH,196913,7.9877752,Below 80,CAP Round I,2025
16354,DNYANVILAS COLLEGE OF ENGINEERING,1635492110,Artificial Intelligence and Machine Learning,GOPENH,157838,39.230205,Below 80,CAP Round I,2025
16355,Audyogik Shikshan Mandal's Nextgen Technical Campus,1635524210,Computer Science and Engineering,GOPENH,111356,62.8632493,Below 80,CAP Round I,2025
16355,Audyogik Shikshan Mandal's Nextgen Technical Campus,1635524610,Information Technology,GOPENH,151687,42.7403863,Below 80,CAP Round I,2025
16355,Audyogik Shikshan Mandal's Nextgen Technical Campus,1635584410,Electronics and Computer Engineering,GOPENH,165270,33.0802795,Below 80,CAP Round I,2025
16355,Audyogik Shikshan Mandal's Nextgen Technical Campus,1635592110,Artificial Intelligence and Machine Learning,GOPENH,102798,66.2972028,Below 80,CAP Round I,2025
16357,MES MUKUNDDAS LOHIA COLLEGE OF ENGINEERING,1635724510,Computer Engineering,GOPENH,59341,82.1319232,80-89.99,CAP Round I,2025
16357,MES MUKUNDDAS LOHIA COLLEGE OF ENGINEERING,1635724610,Information Technology,GOPENH,114074,61.5619516,Below 80,CAP Round I,2025
16357,MES MUKUNDDAS LOHIA COLLEGE OF ENGINEERING,1635737210,Electronics and Telecommunication Engg,GOPENH,161694,36.0836122,Below 80,CAP Round I,2025
16357,MES MUKUNDDAS LOHIA COLLEGE OF ENGINEERING,1635791110,Computer Science and Engineering(Artificial Intelligence and Machine Learning),GOPENH,86152,72.8948543,Below 80,CAP Round I,2025
